label,message
ham,"I lost my phone, this is my new temporary number +91-Amit, save it."
spam,"Dear SBI user, your YONO account has been blocked due to unverified PAN card. Please update immediately: http://bit.ly/sbi-yono-update9577559142 or call +91-128."
spam,"Dear consumer, your electricity power will be disconnected tonight at 9:30 PM because your previous month bill was not updated. Please call our electricity officer at +91-7069909886 immediately."
ham,Can you pay Rs. Ananya for the pizza? I will give you cash tonight.
ham,Are you free tonight? Let's go to that cafe.
ham,Sent you Rs. Kavita on PhonePe for yesterday's dinner bill.
spam,FINAL WARNING: Your email account will be permanently deactivated within 24 hours. Click to reactivate: https://mail-security-desk828.net/verify
spam,FINAL WARNING: Your email account will be permanently deactivated within 24 hours. Click to reactivate: https://mail-security-desk994.net/verify
spam,FINAL WARNING: Your email account will be permanently deactivated within 24 hours. Click to reactivate: https://mail-security-desk661.net/verify
ham,"Hi Aditya, could you review the pull request for the authentication module when you have a moment?"
spam,"Dear customer, your loan of Rs. 3,50,000 is approved at 2% interest rate. No CIBIL score required. Call loan officer at +91-7086160139 to disburse funds."
ham,"Good morning, here is the updated presentation deck for our team demonstration."
spam,"Dear customer, your loan of Rs. 3,50,000 is approved at 2% interest rate. No CIBIL score required. Call loan officer at +91-9231064204 to disburse funds."
ham,Reminder: Your doctor appointment is scheduled for tomorrow at 12382 PM at City Clinic.
ham,Check this GitHub repository for the code implementation: https://github.com/team-dev/repoKavita
spam,Exclusive Offer: 90% discount on luxury watches and electronics. Limited stock available: http://discount-store865.xyz/shop
spam,Your parcel delivery has failed due to missing street address. Update your address within 12 hours: http://courier-address-fix7980770208.top or call driver +91-586.
ham,Please find attached the project status report for QSoham review. Let me know your thoughts.
ham,Your cab driver 8981 (+91 97200969) has arrived at your pickup location. PIN is 6152.
spam,Security Alert! Unauthorized login attempt detected from IP 134. Confirm your password here: http://1906172/account/update
ham,Your package with tracking #12133 will be delivered today by courier. Contact delivery associate at +91 98839364 to coordinate.
ham,Reminder: Your doctor appointment is scheduled for tomorrow at 8498 PM at City Clinic.
spam,Your parcel delivery has failed due to missing street address. Update your address within 12 hours: http://courier-address-fix8156731916.top or call driver +91-412.
ham,Bhai where are you? Waiting outside the metro station.
spam,"Dear consumer, your electricity power will be disconnected tonight at 9:30 PM because your previous month bill was not updated. Please call our electricity officer at +91-9907310457 immediately."
ham,Your order from Zomato is on its way. Delivery partner is moving towards your location.
ham,"Bro, did you complete the homework for tomorrow's class?"
ham,"Hey bro, call me urgently at +91-Soham when you are free, need your help."
spam,Crypto Alert: Deposit 0.1 BTC and receive 1.0 BTC within 24 hours guaranteed! Join: http://crypto-doubler900.top/invest
ham,Can you share Soham's contact number with me?
ham,"Dear Priya, your monthly bank statement for account ending in 5 is ready for viewing in your portal."
ham,Your OTP for online transaction of Rs. 11029 at Amazon is 886687. Valid for 10 mins. Do not share OTP with anyone. - HDFC Bank
ham,Check this GitHub repository for the code implementation: https://github.com/team-dev/repoSneha
spam,You have 1 new unread secure message from Payroll Department. Access document: https://payroll-update519.com/login.php
spam,You have 1 new unread secure message from Payroll Department. Access document: https://payroll-update611.com/login.php
spam,FINAL WARNING: Your email account will be permanently deactivated within 24 hours. Click to reactivate: https://mail-security-desk104.net/verify
spam,"Congratulations! Your mobile number has won Rs. 25,00,000 in KBC All India Lucky Draw. Call executive at +91-9104901836 to claim your prize cheque."
ham,"Hey Rohan, can you send me Rs. 9663124437 on GPay? Will return it tomorrow."
spam,"Credit card limit increased to Rs. 5,00,000 without income proof! Claim your pre-approved card now: http://card-upgrade7945102494.xyz or WhatsApp +91-518."
ham,Your OTP for online transaction of Rs. 3226 at Amazon is 516016. Valid for 10 mins. Do not share OTP with anyone. - HDFC Bank
spam,Earn $5000 weekly working from home with no experience needed! Sign up today: http://quick-cash-scheme452.biz/register
spam,"Dear consumer, your electricity power will be disconnected tonight at 9:30 PM because your previous month bill was not updated. Please call our electricity officer at +91-9486244283 immediately."
ham,Are you awake? Give me a quick ring when you see this.
spam,Your parcel delivery has failed due to missing street address. Update your address within 12 hours: http://courier-address-fix7651245759.top or call driver +91-276.
ham,"Hey dad, reached the station safely, booking cab now."
spam,"Dear Customer, you received a tax refund of Rs. 85. Submit your bank credentials to deposit: https://incometax-refund-portal7493318.org/claim"
spam,Your parcel delivery has failed due to missing street address. Update your address within 12 hours: http://courier-address-fix9993150097.top or call driver +91-900.
ham,Thank you for your order #Rohan. Your package has been dispatched and will arrive by 1.
spam,Congratulations! You have won Rs. 512 in the international lottery. Claim your reward now: http://claim-prize4924516.xyz/bonus
ham,"Hey dad, reached the station safely, booking cab now."
spam,Exclusive Offer: 90% discount on luxury watches and electronics. Limited stock available: http://discount-store109.xyz/shop
ham,Thank you for your order #Soham. Your package has been dispatched and will arrive by 1.
spam,"Dear SBI user, your YONO account has been blocked due to unverified PAN card. Please update immediately: http://bit.ly/sbi-yono-update9569344280 or call +91-969."
spam,"Credit card limit increased to Rs. 5,00,000 without income proof! Claim your pre-approved card now: http://card-upgrade9241007203.xyz or WhatsApp +91-785."
ham,Can you send the lecture notes from yesterday?
ham,Thanks for your help with the bug in the code earlier.
ham,"Hey team, the sprint planning session is confirmed for Tanvi at 10:00 AM."
spam,Security Alert! Unauthorized login attempt detected from IP 78. Confirm your password here: http://4783548/account/update
spam,FINAL WARNING: Your email account will be permanently deactivated within 24 hours. Click to reactivate: https://mail-security-desk681.net/verify
ham,Your package with tracking #13903 will be delivered today by courier. Contact delivery associate at +91 98422337 to coordinate.
spam,You have 1 new unread secure message from Payroll Department. Access document: https://payroll-update975.com/login.php
ham,"Mom said dinner is ready, come home soon."
spam,"Dear Customer, you received a tax refund of Rs. 720. Submit your bank credentials to deposit: https://incometax-refund-portal4939518.org/claim"
ham,Can you pay Rs. Tanvi for the pizza? I will give you cash tonight.
ham,"Hi all, please note the office will remain closed on Monday on account of public holiday."
spam,URGENT: Your SIM card KYC is incomplete. Your outgoing calls will be stopped in 24 hrs. Call customer care helpline at 1800-8750953595 or +91-610 immediately.
ham,Read this article when free: https://wikipedia.org/wiki/TopicKavita
ham,Here are the notes and action items from yesterday's discussion with the client.
ham,Can you send the lecture notes from yesterday?
spam,Your parcel delivery has failed due to missing street address. Update your address within 12 hours: http://courier-address-fix8516423420.top or call driver +91-517.
spam,"Dear customer, your loan of Rs. 3,50,000 is approved at 2% interest rate. No CIBIL score required. Call loan officer at +91-8911975654 to disburse funds."
spam,URGENT: Your SIM card KYC is incomplete. Your outgoing calls will be stopped in 24 hrs. Call customer care helpline at 1800-7595248887 or +91-879 immediately.
ham,"Bhai, call me at +91-Soham as soon as possible."
ham,"Hey Rahul, can you send me Rs. 7477979376 on GPay? Will return it tomorrow."
spam,"Dear SBI user, your YONO account has been blocked due to unverified PAN card. Please update immediately: http://bit.ly/sbi-yono-update7865942819 or call +91-770."
spam,FINAL WARNING: Your email account will be permanently deactivated within 24 hours. Click to reactivate: https://mail-security-desk469.net/verify
ham,"Hi Sameer, can we reschedule our meeting to tomorrow at 7 PM? Thanks."
ham,Your OTP for online transaction of Rs. 13008 at Amazon is 301153. Valid for 10 mins. Do not share OTP with anyone. - HDFC Bank
spam,"Dear consumer, your electricity power will be disconnected tonight at 9:30 PM because your previous month bill was not updated. Please call our electricity officer at +91-9237461661 immediately."
spam,"Dear customer, your loan of Rs. 3,50,000 is approved at 2% interest rate. No CIBIL score required. Call loan officer at +91-8779440089 to disburse funds."
ham,"Hi all, please note the office will remain closed on Monday on account of public holiday."
spam,"Congratulations! Your mobile number has won Rs. 25,00,000 in KBC All India Lucky Draw. Call executive at +91-9584278145 to claim your prize cheque."
ham,"Dear Customer, your A/C ending 12909 is credited with Rs. 310855 on 7133. Avail Bal: Rs. 27196. - SBI"
ham,"Dear customer, cash withdrawal of Rs. 2430 from ATM at 287966 was successful. - ICICI Bank"
spam,Exclusive Offer: 90% discount on luxury watches and electronics. Limited stock available: http://discount-store435.xyz/shop
spam,Part-time job offer: Earn Rs. 2000 to Rs. 6000 daily from home by simply liking YouTube videos! Contact on WhatsApp +1 (555) 349-9939333153 now.
spam,"Dear consumer, your electricity power will be disconnected tonight at 9:30 PM because your previous month bill was not updated. Please call our electricity officer at +91-7610138908 immediately."
ham,"Hey Tanvi, I have reached the restaurant. Let me know when you arrive."
spam,URGENT: Your SIM card KYC is incomplete. Your outgoing calls will be stopped in 24 hrs. Call customer care helpline at 1800-7902583243 or +91-396 immediately.
ham,Your flight booking reference Rahul from Mumbai to Delhi is confirmed for departure at 12.
spam,"Credit card limit increased to Rs. 5,00,000 without income proof! Claim your pre-approved card now: http://card-upgrade8543065371.xyz or WhatsApp +91-193."
ham,Watch this funny clip: https://youtu.be/Aditya
ham,Can you share the assignment PDF with me?
ham,Happy birthday bro! Have an awesome year ahead!
spam,"Credit card limit increased to Rs. 5,00,000 without income proof! Claim your pre-approved card now: http://card-upgrade7991348278.xyz or WhatsApp +91-128."
ham,Your flight booking reference Rahul from Mumbai to Delhi is confirmed for departure at 8.
spam,URGENT: Your bank account has been temporarily locked due to suspicious activity. Verify immediately: https://secure-bank-verify577.com/login
ham,Your order from Zomato is on its way. Delivery partner is moving towards your location.
spam,Congratulations! You have won Rs. 175 in the international lottery. Claim your reward now: http://claim-prize2331022.xyz/bonus
spam,URGENT: Your SIM card KYC is incomplete. Your outgoing calls will be stopped in 24 hrs. Call customer care helpline at 1800-9240169589 or +91-660 immediately.
ham,"Bhai, call me at +91-Soham as soon as possible."
ham,Receipt for your recent payment of Rs. Sneha to Electric Utility Services.
spam,Security Alert! Unauthorized login attempt detected from IP 825. Confirm your password here: http://2849571/account/update
spam,Security Alert! Unauthorized login attempt detected from IP 997. Confirm your password here: http://4680108/account/update
ham,"Hey dad, reached the station safely, booking cab now."
spam,Your parcel delivery has failed due to missing street address. Update your address within 12 hours: http://courier-address-fix8189839482.top or call driver +91-227.
spam,URGENT: Your SIM card KYC is incomplete. Your outgoing calls will be stopped in 24 hrs. Call customer care helpline at 1800-7664108474 or +91-375 immediately.
ham,Happy birthday bro! Have an awesome year ahead!
spam,Earn $5000 weekly working from home with no experience needed! Sign up today: http://quick-cash-scheme805.biz/register
spam,URGENT: Your SIM card KYC is incomplete. Your outgoing calls will be stopped in 24 hrs. Call customer care helpline at 1800-9817902470 or +91-408 immediately.
ham,"Congratulations on getting the job offer, so proud of you!"
ham,Your monthly mobile postpaid bill of Rs. 8663 is due on 958739. Pay via Airtel Thanks App to avoid late charges.
spam,FINAL WARNING: Your email account will be permanently deactivated within 24 hours. Click to reactivate: https://mail-security-desk913.net/verify
spam,URGENT: Your SIM card KYC is incomplete. Your outgoing calls will be stopped in 24 hrs. Call customer care helpline at 1800-9644418391 or +91-892 immediately.
spam,"Dear SBI user, your YONO account has been blocked due to unverified PAN card. Please update immediately: http://bit.ly/sbi-yono-update8549629103 or call +91-111."
ham,"Hey team, the sprint planning session is confirmed for Vikram at 10:00 AM."
ham,"Dear customer, cash withdrawal of Rs. 9374 from ATM at 957997 was successful. - ICICI Bank"
spam,"Dear customer, your loan of Rs. 3,50,000 is approved at 2% interest rate. No CIBIL score required. Call loan officer at +91-7881848712 to disburse funds."
ham,"Dear Customer, your A/C ending 11964 is credited with Rs. 457848 on 4219. Avail Bal: Rs. 67261. - SBI"
ham,"Bhai, call me at +91-Rahul as soon as possible."
spam,Your parcel delivery has failed due to missing street address. Update your address within 12 hours: http://courier-address-fix7927202627.top or call driver +91-700.
ham,Receipt for your recent payment of Rs. Sneha to Electric Utility Services.
ham,"Good morning, here is the updated presentation deck for our team demonstration."
ham,Reminder: The weekly engineering standup will start in 15 minutes on Google Meet.
ham,Hey are you coming to class today? Professor is taking attendance.
spam,"Credit card limit increased to Rs. 5,00,000 without income proof! Claim your pre-approved card now: http://card-upgrade9997350112.xyz or WhatsApp +91-976."
spam,"Dear consumer, your electricity power will be disconnected tonight at 9:30 PM because your previous month bill was not updated. Please call our electricity officer at +91-7320799197 immediately."
spam,Your parcel delivery has failed due to missing street address. Update your address within 12 hours: http://courier-address-fix9417653213.top or call driver +91-392.
spam,Your pending invoice #730.pdf is ready for download. Click here: https://billing-doc5728575.com/invoice.exe
ham,"Hey team, the sprint planning session is confirmed for Rohan at 10:00 AM."
ham,"Congratulations on getting the job offer, so proud of you!"
ham,"Dear Customer, your A/C ending 7757 is credited with Rs. 615579 on 8621. Avail Bal: Rs. 37876. - SBI"
spam,"Dear consumer, your electricity power will be disconnected tonight at 9:30 PM because your previous month bill was not updated. Please call our electricity officer at +91-7365281574 immediately."
spam,"Credit card limit increased to Rs. 5,00,000 without income proof! Claim your pre-approved card now: http://card-upgrade9552556689.xyz or WhatsApp +91-305."
ham,Receipt for your recent payment of Rs. Rohan to Electric Utility Services.
spam,Crypto Alert: Deposit 0.1 BTC and receive 1.0 BTC within 24 hours guaranteed! Join: http://crypto-doubler182.top/invest
spam,Earn $5000 weekly working from home with no experience needed! Sign up today: http://quick-cash-scheme155.biz/register
ham,Here is the shared project document: https://docs.google.com/document/d/projSneha - please review.
ham,Can you share the assignment PDF with me?
spam,FINAL WARNING: Your email account will be permanently deactivated within 24 hours. Click to reactivate: https://mail-security-desk244.net/verify
ham,"Hi Sneha, let's catch up for lunch today around 1:00 PM if you're free."
ham,Your OTP for online transaction of Rs. 10238 at Amazon is 781647. Valid for 10 mins. Do not share OTP with anyone. - HDFC Bank
spam,Crypto Alert: Deposit 0.1 BTC and receive 1.0 BTC within 24 hours guaranteed! Join: http://crypto-doubler273.top/invest
ham,"Please call me at +91-Vikram immediately, need some help."
ham,Here is the shared project document: https://docs.google.com/document/d/projSameer - please review.
ham,Here is the shared project document: https://docs.google.com/document/d/projSneha - please review.
ham,"Congratulations on getting the job offer, so proud of you!"
ham,Your package with tracking #600 will be delivered today by courier. Contact delivery associate at +91 98255517 to coordinate.
ham,"Hi Sameer, could you review the pull request for the authentication module when you have a moment?"
spam,"Dear customer, your loan of Rs. 3,50,000 is approved at 2% interest rate. No CIBIL score required. Call loan officer at +91-9587386478 to disburse funds."
spam,Your pending invoice #261.pdf is ready for download. Click here: https://billing-doc8452763.com/invoice.exe
spam,"Dear consumer, your electricity power will be disconnected tonight at 9:30 PM because your previous month bill was not updated. Please call our electricity officer at +91-7526247259 immediately."
spam,"Dear consumer, your electricity power will be disconnected tonight at 9:30 PM because your previous month bill was not updated. Please call our electricity officer at +91-9005769971 immediately."
spam,"Congratulations! Your mobile number has won Rs. 25,00,000 in KBC All India Lucky Draw. Call executive at +91-8905149497 to claim your prize cheque."
ham,Reminder: Your doctor appointment is scheduled for tomorrow at 8035 PM at City Clinic.
spam,Earn $5000 weekly working from home with no experience needed! Sign up today: http://quick-cash-scheme788.biz/register
ham,"Hi Priya, let's catch up for lunch today around 1:00 PM if you're free."
ham,Watch this funny clip: https://youtu.be/Rohan
ham,Thank you for your order #Amit. Your package has been dispatched and will arrive by 9.
ham,Can you pay Rs. Sameer for the pizza? I will give you cash tonight.
ham,Can you send the lecture notes from yesterday?
spam,"Dear consumer, your electricity power will be disconnected tonight at 9:30 PM because your previous month bill was not updated. Please call our electricity officer at +91-8664656934 immediately."
spam,Your parcel delivery has failed due to missing street address. Update your address within 12 hours: http://courier-address-fix8436302578.top or call driver +91-607.
spam,URGENT: Your SIM card KYC is incomplete. Your outgoing calls will be stopped in 24 hrs. Call customer care helpline at 1800-8336066535 or +91-335 immediately.
spam,Your parcel delivery has failed due to missing street address. Update your address within 12 hours: http://courier-address-fix9739935362.top or call driver +91-823.
spam,"Dear consumer, your electricity power will be disconnected tonight at 9:30 PM because your previous month bill was not updated. Please call our electricity officer at +91-8753799108 immediately."
spam,"Dear Customer, you received a tax refund of Rs. 590. Submit your bank credentials to deposit: https://incometax-refund-portal2003925.org/claim"
spam,Exclusive Offer: 90% discount on luxury watches and electronics. Limited stock available: http://discount-store433.xyz/shop
ham,"Dear customer, cash withdrawal of Rs. 12141 from ATM at 822465 was successful. - ICICI Bank"
spam,Earn $5000 weekly working from home with no experience needed! Sign up today: http://quick-cash-scheme559.biz/register
ham,"Congratulations on getting the job offer, so proud of you!"
ham,Reminder: Your doctor appointment is scheduled for tomorrow at 14588 PM at City Clinic.
ham,"Dear customer, cash withdrawal of Rs. 11835 from ATM at 462689 was successful. - ICICI Bank"
spam,Your pending invoice #882.pdf is ready for download. Click here: https://billing-doc3515926.com/invoice.exe
spam,"Dear Customer, you received a tax refund of Rs. 388. Submit your bank credentials to deposit: https://incometax-refund-portal7031882.org/claim"
spam,Part-time job offer: Earn Rs. 2000 to Rs. 6000 daily from home by simply liking YouTube videos! Contact on WhatsApp +1 (555) 349-9525322209 now.
ham,Your OTP for online transaction of Rs. 650 at Amazon is 690674. Valid for 10 mins. Do not share OTP with anyone. - HDFC Bank
spam,Your parcel delivery has failed due to missing street address. Update your address within 12 hours: http://courier-address-fix7125854705.top or call driver +91-110.
spam,"Dear Customer, you received a tax refund of Rs. 835. Submit your bank credentials to deposit: https://incometax-refund-portal5275055.org/claim"
ham,"Dear Tanvi, your monthly bank statement for account ending in 11 is ready for viewing in your portal."
ham,"Hey dude, what time does the match start today?"
ham,"Please call me at +91-Kavita immediately, need some help."
ham,"Please call me at +91-Kavita immediately, need some help."
ham,Read this article when free: https://wikipedia.org/wiki/TopicPriya
spam,URGENT: Your SIM card KYC is incomplete. Your outgoing calls will be stopped in 24 hrs. Call customer care helpline at 1800-9600087638 or +91-307 immediately.
spam,"Credit card limit increased to Rs. 5,00,000 without income proof! Claim your pre-approved card now: http://card-upgrade7445142243.xyz or WhatsApp +91-813."
spam,Crypto Alert: Deposit 0.1 BTC and receive 1.0 BTC within 24 hours guaranteed! Join: http://crypto-doubler858.top/invest
ham,Reminder: The weekly engineering standup will start in 15 minutes on Google Meet.
ham,Reminder: The weekly engineering standup will start in 15 minutes on Google Meet.
spam,Earn $5000 weekly working from home with no experience needed! Sign up today: http://quick-cash-scheme331.biz/register
spam,"Congratulations! Your mobile number has won Rs. 25,00,000 in KBC All India Lucky Draw. Call executive at +91-8651516288 to claim your prize cheque."
ham,"Bhai, call me at +91-Amit as soon as possible."
spam,"Credit card limit increased to Rs. 5,00,000 without income proof! Claim your pre-approved card now: http://card-upgrade8816887245.xyz or WhatsApp +91-432."
spam,Part-time job offer: Earn Rs. 2000 to Rs. 6000 daily from home by simply liking YouTube videos! Contact on WhatsApp +1 (555) 349-8702244669 now.
ham,"Sorry for the late reply bro, was stuck in heavy traffic."
ham,"Call me urgently, it is important."
ham,Are you awake? Give me a quick ring when you see this.
spam,Security Alert! Unauthorized login attempt detected from IP 697. Confirm your password here: http://448022/account/update
ham,Can you share the assignment PDF with me?
ham,Can you share the assignment PDF with me?
ham,Your order from Zomato is on its way. Delivery partner is moving towards your location.
ham,"Bro, did you complete the homework for tomorrow's class?"
ham,Your cab driver 14135 (+91 97957902) has arrived at your pickup location. PIN is 6141.
spam,"Congratulations! Your mobile number has won Rs. 25,00,000 in KBC All India Lucky Draw. Call executive at +91-8314677348 to claim your prize cheque."
ham,"Please call me at +91-Ananya immediately, need some help."
spam,Part-time job offer: Earn Rs. 2000 to Rs. 6000 daily from home by simply liking YouTube videos! Contact on WhatsApp +1 (555) 349-9373940403 now.
ham,Check this GitHub repository for the code implementation: https://github.com/team-dev/repoRohan
ham,"Hi Priya, let's catch up for lunch today around 1:00 PM if you're free."
ham,Your flight booking reference Ananya from Mumbai to Delhi is confirmed for departure at 11.
spam,Earn $5000 weekly working from home with no experience needed! Sign up today: http://quick-cash-scheme735.biz/register
spam,Part-time job offer: Earn Rs. 2000 to Rs. 6000 daily from home by simply liking YouTube videos! Contact on WhatsApp +1 (555) 349-7477506234 now.
spam,Security Alert! Unauthorized login attempt detected from IP 139. Confirm your password here: http://6561351/account/update
spam,Part-time job offer: Earn Rs. 2000 to Rs. 6000 daily from home by simply liking YouTube videos! Contact on WhatsApp +1 (555) 349-8227569638 now.
spam,"Congratulations! Your mobile number has won Rs. 25,00,000 in KBC All India Lucky Draw. Call executive at +91-8278607384 to claim your prize cheque."
ham,"Hey team, the sprint planning session is confirmed for Sneha at 10:00 AM."
spam,"Credit card limit increased to Rs. 5,00,000 without income proof! Claim your pre-approved card now: http://card-upgrade9973612223.xyz or WhatsApp +91-118."
spam,URGENT: Your bank account has been temporarily locked due to suspicious activity. Verify immediately: https://secure-bank-verify188.com/login
ham,Receipt for your recent payment of Rs. Sameer to Electric Utility Services.
ham,Your package with tracking #10746 will be delivered today by courier. Contact delivery associate at +91 98926459 to coordinate.
ham,Please submit your semester assignment before Friday 5:00 PM on the university portal.
ham,Reminder: The weekly engineering standup will start in 15 minutes on Google Meet.
ham,Can you transfer money for movie tickets? My UPI is not working.
spam,"Congratulations! Your mobile number has won Rs. 25,00,000 in KBC All India Lucky Draw. Call executive at +91-9850719977 to claim your prize cheque."
spam,"Dear Customer, you received a tax refund of Rs. 831. Submit your bank credentials to deposit: https://incometax-refund-portal8102530.org/claim"
spam,Security Alert! Unauthorized login attempt detected from IP 649. Confirm your password here: http://2554961/account/update
spam,Part-time job offer: Earn Rs. 2000 to Rs. 6000 daily from home by simply liking YouTube videos! Contact on WhatsApp +1 (555) 349-8508322858 now.
ham,Your OTP for online transaction of Rs. 1853 at Amazon is 802064. Valid for 10 mins. Do not share OTP with anyone. - HDFC Bank
ham,Your appointment with Dr. Sharma has been booked for tomorrow at 4:30 PM.
ham,"I lost my phone, this is my new temporary number +91-Aditya, save it."
ham,Your monthly mobile postpaid bill of Rs. 3779 is due on 774855. Pay via Airtel Thanks App to avoid late charges.
spam,Your pending invoice #66.pdf is ready for download. Click here: https://billing-doc4542537.com/invoice.exe
spam,URGENT: Your bank account has been temporarily locked due to suspicious activity. Verify immediately: https://secure-bank-verify777.com/login
spam,URGENT: Your SIM card KYC is incomplete. Your outgoing calls will be stopped in 24 hrs. Call customer care helpline at 1800-7263082873 or +91-454 immediately.
ham,Check this GitHub repository for the code implementation: https://github.com/team-dev/repoSoham
ham,Your OTP for online transaction of Rs. 7072 at Amazon is 502954. Valid for 10 mins. Do not share OTP with anyone. - HDFC Bank
spam,"Dear SBI user, your YONO account has been blocked due to unverified PAN card. Please update immediately: http://bit.ly/sbi-yono-update8196853434 or call +91-432."
spam,URGENT: Your bank account has been temporarily locked due to suspicious activity. Verify immediately: https://secure-bank-verify270.com/login
spam,"Credit card limit increased to Rs. 5,00,000 without income proof! Claim your pre-approved card now: http://card-upgrade7027402001.xyz or WhatsApp +91-225."
ham,Reminder: Your doctor appointment is scheduled for tomorrow at 13328 PM at City Clinic.
ham,"Dear customer, cash withdrawal of Rs. 2248 from ATM at 470862 was successful. - ICICI Bank"
ham,"Good morning, here is the updated presentation deck for our team demonstration."
ham,"Hi Vikram, let's catch up for lunch today around 1:00 PM if you're free."
ham,"Call me urgently, it is important."
spam,"Dear customer, your loan of Rs. 3,50,000 is approved at 2% interest rate. No CIBIL score required. Call loan officer at +91-9618983759 to disburse funds."
ham,"Dear Sameer, your monthly bank statement for account ending in 2 is ready for viewing in your portal."
ham,Check this GitHub repository for the code implementation: https://github.com/team-dev/repoAnanya
ham,Here is the shared project document: https://docs.google.com/document/d/projSoham - please review.
ham,"Hi Rahul, can we reschedule our meeting to tomorrow at 1 PM? Thanks."
ham,Your OTP for online transaction of Rs. 11105 at Amazon is 375313. Valid for 10 mins. Do not share OTP with anyone. - HDFC Bank
spam,"Dear customer, your loan of Rs. 3,50,000 is approved at 2% interest rate. No CIBIL score required. Call loan officer at +91-9934224864 to disburse funds."
ham,Reminder: Your doctor appointment is scheduled for tomorrow at 367 PM at City Clinic.
ham,Your cab driver 10967 (+91 97191105) has arrived at your pickup location. PIN is 1511.
ham,Your cab driver 3172 (+91 97506871) has arrived at your pickup location. PIN is 3559.
ham,"Hi all, please note the office will remain closed on Monday on account of public holiday."
spam,"Congratulations! Your mobile number has won Rs. 25,00,000 in KBC All India Lucky Draw. Call executive at +91-9302433948 to claim your prize cheque."
spam,Part-time job offer: Earn Rs. 2000 to Rs. 6000 daily from home by simply liking YouTube videos! Contact on WhatsApp +1 (555) 349-8451994091 now.
spam,Security Alert! Unauthorized login attempt detected from IP 79. Confirm your password here: http://4709166/account/update
ham,Your package with tracking #6165 will be delivered today by courier. Contact delivery associate at +91 98109347 to coordinate.
spam,Earn $5000 weekly working from home with no experience needed! Sign up today: http://quick-cash-scheme475.biz/register
spam,FINAL WARNING: Your email account will be permanently deactivated within 24 hours. Click to reactivate: https://mail-security-desk248.net/verify
spam,"Dear customer, your loan of Rs. 3,50,000 is approved at 2% interest rate. No CIBIL score required. Call loan officer at +91-8845022344 to disburse funds."
spam,"Congratulations! Your mobile number has won Rs. 25,00,000 in KBC All India Lucky Draw. Call executive at +91-7051851659 to claim your prize cheque."
spam,Earn $5000 weekly working from home with no experience needed! Sign up today: http://quick-cash-scheme830.biz/register
spam,URGENT: Your SIM card KYC is incomplete. Your outgoing calls will be stopped in 24 hrs. Call customer care helpline at 1800-9091936412 or +91-125 immediately.
spam,"Dear customer, your loan of Rs. 3,50,000 is approved at 2% interest rate. No CIBIL score required. Call loan officer at +91-8111878794 to disburse funds."
spam,Exclusive Offer: 90% discount on luxury watches and electronics. Limited stock available: http://discount-store303.xyz/shop
ham,Are you awake? Give me a quick ring when you see this.
ham,Reminder: The weekly engineering standup will start in 15 minutes on Google Meet.
spam,Security Alert! Unauthorized login attempt detected from IP 383. Confirm your password here: http://9076113/account/update
spam,"Dear consumer, your electricity power will be disconnected tonight at 9:30 PM because your previous month bill was not updated. Please call our electricity officer at +91-8616943954 immediately."
spam,Your parcel delivery has failed due to missing street address. Update your address within 12 hours: http://courier-address-fix7566335689.top or call driver +91-231.
ham,Can you transfer money for movie tickets? My UPI is not working.
ham,"Hi Amit, can we reschedule our meeting to tomorrow at 9 PM? Thanks."
ham,Here are the notes and action items from yesterday's discussion with the client.
spam,You have 1 new unread secure message from Payroll Department. Access document: https://payroll-update464.com/login.php
spam,"Dear SBI user, your YONO account has been blocked due to unverified PAN card. Please update immediately: http://bit.ly/sbi-yono-update7688324235 or call +91-711."
ham,"Hi Priya, could you review the pull request for the authentication module when you have a moment?"
ham,"Hey dude, what time does the match start today?"
spam,Your pending invoice #415.pdf is ready for download. Click here: https://billing-doc7259940.com/invoice.exe
spam,Part-time job offer: Earn Rs. 2000 to Rs. 6000 daily from home by simply liking YouTube videos! Contact on WhatsApp +1 (555) 349-9206717582 now.
spam,URGENT: Your SIM card KYC is incomplete. Your outgoing calls will be stopped in 24 hrs. Call customer care helpline at 1800-7068247959 or +91-847 immediately.
ham,Please find attached the project status report for QRahul review. Let me know your thoughts.
spam,Your parcel delivery has failed due to missing street address. Update your address within 12 hours: http://courier-address-fix9218444429.top or call driver +91-152.
spam,Your parcel delivery has failed due to missing street address. Update your address within 12 hours: http://courier-address-fix8144139685.top or call driver +91-966.
ham,Let's meet at the library around Tanvi PM to finish the group project.
ham,Your order from Zomato is on its way. Delivery partner is moving towards your location.
spam,URGENT: Your SIM card KYC is incomplete. Your outgoing calls will be stopped in 24 hrs. Call customer care helpline at 1800-8806190120 or +91-410 immediately.
ham,Happy birthday bro! Have an awesome year ahead!
ham,"Hi Tanvi, could you review the pull request for the authentication module when you have a moment?"
spam,"Dear customer, your loan of Rs. 3,50,000 is approved at 2% interest rate. No CIBIL score required. Call loan officer at +91-7352318899 to disburse funds."
spam,"Dear SBI user, your YONO account has been blocked due to unverified PAN card. Please update immediately: http://bit.ly/sbi-yono-update8665950905 or call +91-705."
ham,"Hey team, the sprint planning session is confirmed for Ananya at 10:00 AM."
ham,"I lost my phone, this is my new temporary number +91-Vikram, save it."
spam,URGENT: Your bank account has been temporarily locked due to suspicious activity. Verify immediately: https://secure-bank-verify516.com/login
spam,URGENT: Your SIM card KYC is incomplete. Your outgoing calls will be stopped in 24 hrs. Call customer care helpline at 1800-8917772977 or +91-632 immediately.
spam,Congratulations! You have won Rs. 896 in the international lottery. Claim your reward now: http://claim-prize4163679.xyz/bonus
ham,Here are the notes and action items from yesterday's discussion with the client.
ham,Can you send the lecture notes from yesterday?
spam,Part-time job offer: Earn Rs. 2000 to Rs. 6000 daily from home by simply liking YouTube videos! Contact on WhatsApp +1 (555) 349-7081066858 now.
ham,Let's meet at the library around Kavita PM to finish the group project.
spam,"Dear consumer, your electricity power will be disconnected tonight at 9:30 PM because your previous month bill was not updated. Please call our electricity officer at +91-9810438190 immediately."
spam,"Congratulations! Your mobile number has won Rs. 25,00,000 in KBC All India Lucky Draw. Call executive at +91-7893708719 to claim your prize cheque."
spam,FINAL WARNING: Your email account will be permanently deactivated within 24 hours. Click to reactivate: https://mail-security-desk595.net/verify
spam,Security Alert! Unauthorized login attempt detected from IP 13. Confirm your password here: http://5540447/account/update
ham,"Please call me at +91-Amit immediately, need some help."
ham,"Dear customer, cash withdrawal of Rs. 1068 from ATM at 384647 was successful. - ICICI Bank"
spam,You have 1 new unread secure message from Payroll Department. Access document: https://payroll-update255.com/login.php
spam,"Congratulations! Your mobile number has won Rs. 25,00,000 in KBC All India Lucky Draw. Call executive at +91-8221875281 to claim your prize cheque."
spam,Crypto Alert: Deposit 0.1 BTC and receive 1.0 BTC within 24 hours guaranteed! Join: http://crypto-doubler918.top/invest
ham,"Dear Vikram, your monthly bank statement for account ending in 1 is ready for viewing in your portal."
spam,You have 1 new unread secure message from Payroll Department. Access document: https://payroll-update871.com/login.php
ham,Your OTP for online transaction of Rs. 6596 at Amazon is 341621. Valid for 10 mins. Do not share OTP with anyone. - HDFC Bank
spam,URGENT: Your SIM card KYC is incomplete. Your outgoing calls will be stopped in 24 hrs. Call customer care helpline at 1800-9787943876 or +91-222 immediately.
spam,"Credit card limit increased to Rs. 5,00,000 without income proof! Claim your pre-approved card now: http://card-upgrade9657960865.xyz or WhatsApp +91-795."
ham,"Hey Vikram, I have reached the restaurant. Let me know when you arrive."
spam,Crypto Alert: Deposit 0.1 BTC and receive 1.0 BTC within 24 hours guaranteed! Join: http://crypto-doubler375.top/invest
spam,"Dear consumer, your electricity power will be disconnected tonight at 9:30 PM because your previous month bill was not updated. Please call our electricity officer at +91-9043892276 immediately."
ham,Your flight booking reference Priya from Mumbai to Delhi is confirmed for departure at 11.
ham,Read this article when free: https://wikipedia.org/wiki/TopicRohan
ham,Can you transfer money for movie tickets? My UPI is not working.
ham,Please submit your semester assignment before Friday 5:00 PM on the university portal.
spam,URGENT: Your SIM card KYC is incomplete. Your outgoing calls will be stopped in 24 hrs. Call customer care helpline at 1800-8865227821 or +91-548 immediately.
spam,URGENT: Your SIM card KYC is incomplete. Your outgoing calls will be stopped in 24 hrs. Call customer care helpline at 1800-8177838595 or +91-157 immediately.
ham,"Bhai, call me at +91-Sneha as soon as possible."
ham,Reminder: Your doctor appointment is scheduled for tomorrow at 2524 PM at City Clinic.
spam,You have 1 new unread secure message from Payroll Department. Access document: https://payroll-update833.com/login.php
spam,URGENT: Your bank account has been temporarily locked due to suspicious activity. Verify immediately: https://secure-bank-verify183.com/login
spam,Security Alert! Unauthorized login attempt detected from IP 101. Confirm your password here: http://8023347/account/update
ham,Can you share Amit's contact number with me?
ham,Your order from Zomato is on its way. Delivery partner is moving towards your location.
spam,"Dear SBI user, your YONO account has been blocked due to unverified PAN card. Please update immediately: http://bit.ly/sbi-yono-update7247041565 or call +91-597."
ham,"Bhai, call me at +91-Sneha as soon as possible."
spam,URGENT: Your SIM card KYC is incomplete. Your outgoing calls will be stopped in 24 hrs. Call customer care helpline at 1800-8780413944 or +91-402 immediately.
ham,Your package with tracking #4550 will be delivered today by courier. Contact delivery associate at +91 98753942 to coordinate.
ham,Your monthly mobile postpaid bill of Rs. 13441 is due on 432022. Pay via Airtel Thanks App to avoid late charges.
spam,Part-time job offer: Earn Rs. 2000 to Rs. 6000 daily from home by simply liking YouTube videos! Contact on WhatsApp +1 (555) 349-9717954169 now.
spam,"Congratulations! Your mobile number has won Rs. 25,00,000 in KBC All India Lucky Draw. Call executive at +91-7784827311 to claim your prize cheque."
ham,"Congratulations on getting the job offer, so proud of you!"
spam,Part-time job offer: Earn Rs. 2000 to Rs. 6000 daily from home by simply liking YouTube videos! Contact on WhatsApp +1 (555) 349-9476846676 now.
ham,"Bhai, call me at +91-Sameer as soon as possible."
spam,Earn $5000 weekly working from home with no experience needed! Sign up today: http://quick-cash-scheme395.biz/register
spam,Crypto Alert: Deposit 0.1 BTC and receive 1.0 BTC within 24 hours guaranteed! Join: http://crypto-doubler616.top/invest
spam,"Dear SBI user, your YONO account has been blocked due to unverified PAN card. Please update immediately: http://bit.ly/sbi-yono-update8557307226 or call +91-576."
spam,"Dear SBI user, your YONO account has been blocked due to unverified PAN card. Please update immediately: http://bit.ly/sbi-yono-update9338533436 or call +91-981."
spam,Congratulations! You have won Rs. 494 in the international lottery. Claim your reward now: http://claim-prize8284742.xyz/bonus
ham,Are you awake? Give me a quick ring when you see this.
ham,Here are the notes and action items from yesterday's discussion with the client.
ham,"Please call me at +91-Rahul immediately, need some help."
ham,"Hi Kavita, can we reschedule our meeting to tomorrow at 10 PM? Thanks."
spam,You have 1 new unread secure message from Payroll Department. Access document: https://payroll-update643.com/login.php
ham,Reminder: Your doctor appointment is scheduled for tomorrow at 13012 PM at City Clinic.
ham,Your monthly mobile postpaid bill of Rs. 8091 is due on 946857. Pay via Airtel Thanks App to avoid late charges.
spam,"Dear SBI user, your YONO account has been blocked due to unverified PAN card. Please update immediately: http://bit.ly/sbi-yono-update9918084324 or call +91-546."
spam,Exclusive Offer: 90% discount on luxury watches and electronics. Limited stock available: http://discount-store770.xyz/shop
spam,URGENT: Your SIM card KYC is incomplete. Your outgoing calls will be stopped in 24 hrs. Call customer care helpline at 1800-8092099001 or +91-592 immediately.
ham,"Hi Sneha, can we reschedule our meeting to tomorrow at 10 PM? Thanks."
spam,Part-time job offer: Earn Rs. 2000 to Rs. 6000 daily from home by simply liking YouTube videos! Contact on WhatsApp +1 (555) 349-8144370506 now.
ham,Your appointment with Dr. Sharma has been booked for tomorrow at 4:30 PM.
spam,"Dear customer, your loan of Rs. 3,50,000 is approved at 2% interest rate. No CIBIL score required. Call loan officer at +91-9376392573 to disburse funds."
ham,"Hi all, please note the office will remain closed on Monday on account of public holiday."
ham,"Dear customer, cash withdrawal of Rs. 11008 from ATM at 510101 was successful. - ICICI Bank"
ham,Your package with tracking #11900 will be delivered today by courier. Contact delivery associate at +91 98789182 to coordinate.
ham,Your order from Zomato is on its way. Delivery partner is moving towards your location.
ham,"Dear Kavita, your monthly bank statement for account ending in 12 is ready for viewing in your portal."
spam,Your parcel delivery has failed due to missing street address. Update your address within 12 hours: http://courier-address-fix7094293959.top or call driver +91-602.
spam,URGENT: Your bank account has been temporarily locked due to suspicious activity. Verify immediately: https://secure-bank-verify752.com/login
ham,Let's meet at the library around Soham PM to finish the group project.
spam,"Dear SBI user, your YONO account has been blocked due to unverified PAN card. Please update immediately: http://bit.ly/sbi-yono-update8326805902 or call +91-763."
spam,Earn $5000 weekly working from home with no experience needed! Sign up today: http://quick-cash-scheme599.biz/register
ham,"Hi Rohan, let's catch up for lunch today around 1:00 PM if you're free."
ham,"Good morning, here is the updated presentation deck for our team demonstration."
ham,Sent you Rs. Soham on PhonePe for yesterday's dinner bill.
spam,"Dear customer, your loan of Rs. 3,50,000 is approved at 2% interest rate. No CIBIL score required. Call loan officer at +91-8769821487 to disburse funds."
spam,URGENT: Your SIM card KYC is incomplete. Your outgoing calls will be stopped in 24 hrs. Call customer care helpline at 1800-8925345676 or +91-276 immediately.
spam,Security Alert! Unauthorized login attempt detected from IP 983. Confirm your password here: http://3498350/account/update
spam,Crypto Alert: Deposit 0.1 BTC and receive 1.0 BTC within 24 hours guaranteed! Join: http://crypto-doubler637.top/invest
spam,Exclusive Offer: 90% discount on luxury watches and electronics. Limited stock available: http://discount-store186.xyz/shop
spam,"Dear consumer, your electricity power will be disconnected tonight at 9:30 PM because your previous month bill was not updated. Please call our electricity officer at +91-8543459079 immediately."
ham,Your order from Zomato is on its way. Delivery partner is moving towards your location.
ham,"Please pick up the phone, need to ask you something urgent."
ham,Check this GitHub repository for the code implementation: https://github.com/team-dev/repoRahul
spam,"Dear SBI user, your YONO account has been blocked due to unverified PAN card. Please update immediately: http://bit.ly/sbi-yono-update8169305283 or call +91-101."
spam,"Credit card limit increased to Rs. 5,00,000 without income proof! Claim your pre-approved card now: http://card-upgrade7860763572.xyz or WhatsApp +91-839."
ham,"Hey Rahul, can you send me Rs. 9818841149 on GPay? Will return it tomorrow."
ham,Please find attached the project status report for QRohan review. Let me know your thoughts.
spam,Your pending invoice #357.pdf is ready for download. Click here: https://billing-doc4999820.com/invoice.exe
spam,URGENT: Your SIM card KYC is incomplete. Your outgoing calls will be stopped in 24 hrs. Call customer care helpline at 1800-8532815410 or +91-111 immediately.
ham,Your order from Zomato is on its way. Delivery partner is moving towards your location.
ham,Can you pay Rs. Vikram for the pizza? I will give you cash tonight.
spam,Security Alert! Unauthorized login attempt detected from IP 302. Confirm your password here: http://4912624/account/update
ham,"Hey bro, call me urgently at +91-Ananya when you are free, need your help."
ham,"Hi all, please note the office will remain closed on Monday on account of public holiday."
spam,Your parcel delivery has failed due to missing street address. Update your address within 12 hours: http://courier-address-fix8583470325.top or call driver +91-417.
spam,"Dear SBI user, your YONO account has been blocked due to unverified PAN card. Please update immediately: http://bit.ly/sbi-yono-update8636367776 or call +91-592."
spam,Congratulations! You have won Rs. 639 in the international lottery. Claim your reward now: http://claim-prize6515768.xyz/bonus
spam,"Dear customer, your loan of Rs. 3,50,000 is approved at 2% interest rate. No CIBIL score required. Call loan officer at +91-9972558034 to disburse funds."
ham,Your monthly mobile postpaid bill of Rs. 11689 is due on 747527. Pay via Airtel Thanks App to avoid late charges.
ham,Let's meet at the library around Rahul PM to finish the group project.
spam,Exclusive Offer: 90% discount on luxury watches and electronics. Limited stock available: http://discount-store259.xyz/shop
ham,"Hi Sameer, could you review the pull request for the authentication module when you have a moment?"
spam,"Dear Customer, you received a tax refund of Rs. 274. Submit your bank credentials to deposit: https://incometax-refund-portal4674315.org/claim"
ham,Your monthly mobile postpaid bill of Rs. 11502 is due on 427042. Pay via Airtel Thanks App to avoid late charges.
ham,"Mom said dinner is ready, come home soon."
spam,You have 1 new unread secure message from Payroll Department. Access document: https://payroll-update851.com/login.php
spam,"Dear SBI user, your YONO account has been blocked due to unverified PAN card. Please update immediately: http://bit.ly/sbi-yono-update7291200261 or call +91-711."
spam,You have 1 new unread secure message from Payroll Department. Access document: https://payroll-update31.com/login.php
spam,"Credit card limit increased to Rs. 5,00,000 without income proof! Claim your pre-approved card now: http://card-upgrade7643252603.xyz or WhatsApp +91-969."
spam,"Dear consumer, your electricity power will be disconnected tonight at 9:30 PM because your previous month bill was not updated. Please call our electricity officer at +91-7346940613 immediately."
spam,Security Alert! Unauthorized login attempt detected from IP 235. Confirm your password here: http://4359265/account/update
spam,Congratulations! You have won Rs. 131 in the international lottery. Claim your reward now: http://claim-prize4438151.xyz/bonus
ham,Your flight booking reference Kavita from Mumbai to Delhi is confirmed for departure at 7.
spam,Your pending invoice #329.pdf is ready for download. Click here: https://billing-doc6781419.com/invoice.exe
ham,"Dear Customer, your A/C ending 14150 is credited with Rs. 859637 on 5116. Avail Bal: Rs. 64363. - SBI"
spam,"Credit card limit increased to Rs. 5,00,000 without income proof! Claim your pre-approved card now: http://card-upgrade7103785232.xyz or WhatsApp +91-199."
spam,FINAL WARNING: Your email account will be permanently deactivated within 24 hours. Click to reactivate: https://mail-security-desk157.net/verify
ham,Are you free tonight? Let's go to that cafe.
ham,"Hey dad, reached the station safely, booking cab now."
ham,Bhai where are you? Waiting outside the metro station.
spam,Security Alert! Unauthorized login attempt detected from IP 778. Confirm your password here: http://5539627/account/update
spam,"Dear consumer, your electricity power will be disconnected tonight at 9:30 PM because your previous month bill was not updated. Please call our electricity officer at +91-9660103061 immediately."
spam,"Credit card limit increased to Rs. 5,00,000 without income proof! Claim your pre-approved card now: http://card-upgrade9862727244.xyz or WhatsApp +91-926."
spam,"Credit card limit increased to Rs. 5,00,000 without income proof! Claim your pre-approved card now: http://card-upgrade7169958909.xyz or WhatsApp +91-490."
ham,Can you transfer money for movie tickets? My UPI is not working.
ham,"Dear Customer, your A/C ending 747 is credited with Rs. 172550 on 5173. Avail Bal: Rs. 26619. - SBI"
spam,"Dear Customer, you received a tax refund of Rs. 542. Submit your bank credentials to deposit: https://incometax-refund-portal5711790.org/claim"
spam,Security Alert! Unauthorized login attempt detected from IP 897. Confirm your password here: http://4415321/account/update
ham,Your appointment with Dr. Sharma has been booked for tomorrow at 4:30 PM.
spam,Your pending invoice #66.pdf is ready for download. Click here: https://billing-doc5002299.com/invoice.exe
spam,"Dear consumer, your electricity power will be disconnected tonight at 9:30 PM because your previous month bill was not updated. Please call our electricity officer at +91-7886681374 immediately."
spam,URGENT: Your bank account has been temporarily locked due to suspicious activity. Verify immediately: https://secure-bank-verify359.com/login
spam,Exclusive Offer: 90% discount on luxury watches and electronics. Limited stock available: http://discount-store302.xyz/shop
spam,URGENT: Your bank account has been temporarily locked due to suspicious activity. Verify immediately: https://secure-bank-verify670.com/login
spam,URGENT: Your SIM card KYC is incomplete. Your outgoing calls will be stopped in 24 hrs. Call customer care helpline at 1800-7942432837 or +91-152 immediately.
ham,"Hey team, the sprint planning session is confirmed for Tanvi at 10:00 AM."
ham,Hey are you coming to class today? Professor is taking attendance.
ham,Please find attached the project status report for QAmit review. Let me know your thoughts.
ham,Are you free tonight? Let's go to that cafe.
spam,You have 1 new unread secure message from Payroll Department. Access document: https://payroll-update438.com/login.php
spam,You have 1 new unread secure message from Payroll Department. Access document: https://payroll-update804.com/login.php
spam,Your pending invoice #971.pdf is ready for download. Click here: https://billing-doc8230274.com/invoice.exe
spam,URGENT: Your SIM card KYC is incomplete. Your outgoing calls will be stopped in 24 hrs. Call customer care helpline at 1800-7098419874 or +91-782 immediately.
spam,You have 1 new unread secure message from Payroll Department. Access document: https://payroll-update330.com/login.php
ham,Your OTP for online transaction of Rs. 7521 at Amazon is 661954. Valid for 10 mins. Do not share OTP with anyone. - HDFC Bank
ham,Hey are you coming to class today? Professor is taking attendance.
ham,Can you share Amit's contact number with me?
spam,Earn $5000 weekly working from home with no experience needed! Sign up today: http://quick-cash-scheme503.biz/register
spam,URGENT: Your SIM card KYC is incomplete. Your outgoing calls will be stopped in 24 hrs. Call customer care helpline at 1800-8536199057 or +91-336 immediately.
ham,Here is the shared project document: https://docs.google.com/document/d/projVikram - please review.
ham,Read this article when free: https://wikipedia.org/wiki/TopicAditya
spam,Your parcel delivery has failed due to missing street address. Update your address within 12 hours: http://courier-address-fix8482776990.top or call driver +91-145.
ham,"Hi Tanvi, let's catch up for lunch today around 1:00 PM if you're free."
spam,"Credit card limit increased to Rs. 5,00,000 without income proof! Claim your pre-approved card now: http://card-upgrade8164220590.xyz or WhatsApp +91-606."
ham,Your package with tracking #3709 will be delivered today by courier. Contact delivery associate at +91 98846832 to coordinate.
spam,"Dear consumer, your electricity power will be disconnected tonight at 9:30 PM because your previous month bill was not updated. Please call our electricity officer at +91-9164924695 immediately."
ham,"I lost my phone, this is my new temporary number +91-Soham, save it."
ham,"Hi all, please note the office will remain closed on Monday on account of public holiday."
ham,"Hi Amit, let's catch up for lunch today around 1:00 PM if you're free."
spam,"Credit card limit increased to Rs. 5,00,000 without income proof! Claim your pre-approved card now: http://card-upgrade7551853762.xyz or WhatsApp +91-213."
spam,"Dear consumer, your electricity power will be disconnected tonight at 9:30 PM because your previous month bill was not updated. Please call our electricity officer at +91-7417856152 immediately."
spam,Your pending invoice #191.pdf is ready for download. Click here: https://billing-doc9875302.com/invoice.exe
spam,Your pending invoice #718.pdf is ready for download. Click here: https://billing-doc3749684.com/invoice.exe
ham,"Hey Kavita, I have reached the restaurant. Let me know when you arrive."
spam,"Dear consumer, your electricity power will be disconnected tonight at 9:30 PM because your previous month bill was not updated. Please call our electricity officer at +91-7427667496 immediately."
spam,Your parcel delivery has failed due to missing street address. Update your address within 12 hours: http://courier-address-fix7298113406.top or call driver +91-545.
ham,"Hi Tanvi, let's catch up for lunch today around 1:00 PM if you're free."
ham,Receipt for your recent payment of Rs. Sameer to Electric Utility Services.
ham,Your monthly mobile postpaid bill of Rs. 14790 is due on 901041. Pay via Airtel Thanks App to avoid late charges.
spam,URGENT: Your SIM card KYC is incomplete. Your outgoing calls will be stopped in 24 hrs. Call customer care helpline at 1800-8063029113 or +91-701 immediately.
ham,Here is the shared project document: https://docs.google.com/document/d/projAnanya - please review.
ham,Your package with tracking #12751 will be delivered today by courier. Contact delivery associate at +91 98962149 to coordinate.
spam,Security Alert! Unauthorized login attempt detected from IP 931. Confirm your password here: http://4608841/account/update
ham,"Dear Customer, your A/C ending 9629 is credited with Rs. 614029 on 7546. Avail Bal: Rs. 44979. - SBI"
ham,Reminder: Your doctor appointment is scheduled for tomorrow at 6650 PM at City Clinic.
spam,"Dear Customer, you received a tax refund of Rs. 840. Submit your bank credentials to deposit: https://incometax-refund-portal3466346.org/claim"
ham,Your monthly mobile postpaid bill of Rs. 11060 is due on 162699. Pay via Airtel Thanks App to avoid late charges.
spam,"Congratulations! Your mobile number has won Rs. 25,00,000 in KBC All India Lucky Draw. Call executive at +91-7365216794 to claim your prize cheque."
spam,FINAL WARNING: Your email account will be permanently deactivated within 24 hours. Click to reactivate: https://mail-security-desk189.net/verify
spam,Security Alert! Unauthorized login attempt detected from IP 805. Confirm your password here: http://2773146/account/update
spam,Congratulations! You have won Rs. 768 in the international lottery. Claim your reward now: http://claim-prize9660661.xyz/bonus
ham,Your OTP for online transaction of Rs. 8271 at Amazon is 298971. Valid for 10 mins. Do not share OTP with anyone. - HDFC Bank
ham,Are you free tonight? Let's go to that cafe.
ham,Can you share Rohan's contact number with me?
ham,Here is the shared project document: https://docs.google.com/document/d/projAnanya - please review.
ham,Can you pay Rs. Sameer for the pizza? I will give you cash tonight.
ham,"Hi all, please note the office will remain closed on Monday on account of public holiday."
ham,Thanks for your help with the bug in the code earlier.
spam,URGENT: Your SIM card KYC is incomplete. Your outgoing calls will be stopped in 24 hrs. Call customer care helpline at 1800-9449371157 or +91-334 immediately.
spam,Congratulations! You have won Rs. 912 in the international lottery. Claim your reward now: http://claim-prize1627195.xyz/bonus
ham,Check this GitHub repository for the code implementation: https://github.com/team-dev/repoTanvi
ham,"Split the cab fare on UPI, your share is Rs. Tanvi."
ham,"Dear customer, cash withdrawal of Rs. 12334 from ATM at 984000 was successful. - ICICI Bank"
spam,"Dear customer, your loan of Rs. 3,50,000 is approved at 2% interest rate. No CIBIL score required. Call loan officer at +91-7687755452 to disburse funds."
ham,Your OTP for online transaction of Rs. 13611 at Amazon is 800202. Valid for 10 mins. Do not share OTP with anyone. - HDFC Bank
ham,"Dear Customer, your A/C ending 1764 is credited with Rs. 415265 on 6222. Avail Bal: Rs. 34386. - SBI"
spam,URGENT: Your bank account has been temporarily locked due to suspicious activity. Verify immediately: https://secure-bank-verify252.com/login
ham,"Hi Ananya, can we reschedule our meeting to tomorrow at 6 PM? Thanks."
ham,Can you share Rahul's contact number with me?
ham,"Bro, did you complete the homework for tomorrow's class?"
spam,URGENT: Your SIM card KYC is incomplete. Your outgoing calls will be stopped in 24 hrs. Call customer care helpline at 1800-9196901305 or +91-460 immediately.
ham,"Call me urgently, it is important."
ham,Read this article when free: https://wikipedia.org/wiki/TopicKavita
spam,URGENT: Your SIM card KYC is incomplete. Your outgoing calls will be stopped in 24 hrs. Call customer care helpline at 1800-7354229640 or +91-994 immediately.
spam,"Dear Customer, you received a tax refund of Rs. 32. Submit your bank credentials to deposit: https://incometax-refund-portal4842495.org/claim"
spam,Your parcel delivery has failed due to missing street address. Update your address within 12 hours: http://courier-address-fix9704633396.top or call driver +91-227.
ham,"Dear Customer, your A/C ending 11739 is credited with Rs. 396811 on 8250. Avail Bal: Rs. 27340. - SBI"
spam,Earn $5000 weekly working from home with no experience needed! Sign up today: http://quick-cash-scheme425.biz/register
ham,Are you awake? Give me a quick ring when you see this.
ham,Can you share Soham's contact number with me?
ham,"Mom said dinner is ready, come home soon."
ham,Can you share Rahul's contact number with me?
spam,Crypto Alert: Deposit 0.1 BTC and receive 1.0 BTC within 24 hours guaranteed! Join: http://crypto-doubler882.top/invest
spam,URGENT: Your bank account has been temporarily locked due to suspicious activity. Verify immediately: https://secure-bank-verify893.com/login
spam,URGENT: Your bank account has been temporarily locked due to suspicious activity. Verify immediately: https://secure-bank-verify524.com/login
ham,Read this article when free: https://wikipedia.org/wiki/TopicSneha
ham,"I lost my phone, this is my new temporary number +91-Priya, save it."
spam,"Dear Customer, you received a tax refund of Rs. 465. Submit your bank credentials to deposit: https://incometax-refund-portal790782.org/claim"
spam,"Congratulations! Your mobile number has won Rs. 25,00,000 in KBC All India Lucky Draw. Call executive at +91-9178022760 to claim your prize cheque."
spam,Part-time job offer: Earn Rs. 2000 to Rs. 6000 daily from home by simply liking YouTube videos! Contact on WhatsApp +1 (555) 349-8587111169 now.
spam,"Dear consumer, your electricity power will be disconnected tonight at 9:30 PM because your previous month bill was not updated. Please call our electricity officer at +91-8471188038 immediately."
ham,"Hi Kavita, can we reschedule our meeting to tomorrow at 3 PM? Thanks."
spam,URGENT: Your bank account has been temporarily locked due to suspicious activity. Verify immediately: https://secure-bank-verify851.com/login
ham,Please find attached the project status report for QSameer review. Let me know your thoughts.
spam,"Dear Customer, you received a tax refund of Rs. 723. Submit your bank credentials to deposit: https://incometax-refund-portal6111009.org/claim"
ham,Happy birthday bro! Have an awesome year ahead!
ham,"Hey dad, reached the station safely, booking cab now."
ham,"Hi Tanvi, let's catch up for lunch today around 1:00 PM if you're free."
ham,Thank you for your order #Aditya. Your package has been dispatched and will arrive by 5.
ham,Check this GitHub repository for the code implementation: https://github.com/team-dev/repoAmit
ham,Sent you Rs. Priya on PhonePe for yesterday's dinner bill.
spam,Earn $5000 weekly working from home with no experience needed! Sign up today: http://quick-cash-scheme517.biz/register
ham,"Congratulations on getting the job offer, so proud of you!"
ham,Your order from Zomato is on its way. Delivery partner is moving towards your location.
spam,"Congratulations! Your mobile number has won Rs. 25,00,000 in KBC All India Lucky Draw. Call executive at +91-8680426615 to claim your prize cheque."
ham,"Dear Vikram, your monthly bank statement for account ending in 11 is ready for viewing in your portal."
ham,Read this article when free: https://wikipedia.org/wiki/TopicPriya
spam,"Dear Customer, you received a tax refund of Rs. 755. Submit your bank credentials to deposit: https://incometax-refund-portal4557166.org/claim"
ham,"I lost my phone, this is my new temporary number +91-Amit, save it."
ham,"Hi Amit, can we reschedule our meeting to tomorrow at 11 PM? Thanks."
spam,"Dear customer, your loan of Rs. 3,50,000 is approved at 2% interest rate. No CIBIL score required. Call loan officer at +91-9643811687 to disburse funds."
ham,"Mom said dinner is ready, come home soon."
ham,Reminder: The weekly engineering standup will start in 15 minutes on Google Meet.
spam,"Dear Customer, you received a tax refund of Rs. 254. Submit your bank credentials to deposit: https://incometax-refund-portal5555870.org/claim"
ham,Are you free tonight? Let's go to that cafe.
spam,"Congratulations! Your mobile number has won Rs. 25,00,000 in KBC All India Lucky Draw. Call executive at +91-7370595165 to claim your prize cheque."
ham,Check this GitHub repository for the code implementation: https://github.com/team-dev/repoRohan
ham,Your appointment with Dr. Sharma has been booked for tomorrow at 4:30 PM.
spam,"Dear Customer, you received a tax refund of Rs. 755. Submit your bank credentials to deposit: https://incometax-refund-portal7458341.org/claim"
spam,URGENT: Your bank account has been temporarily locked due to suspicious activity. Verify immediately: https://secure-bank-verify395.com/login
spam,Your pending invoice #124.pdf is ready for download. Click here: https://billing-doc728777.com/invoice.exe
spam,Your pending invoice #782.pdf is ready for download. Click here: https://billing-doc6029861.com/invoice.exe
spam,"Dear consumer, your electricity power will be disconnected tonight at 9:30 PM because your previous month bill was not updated. Please call our electricity officer at +91-8765398127 immediately."
spam,URGENT: Your SIM card KYC is incomplete. Your outgoing calls will be stopped in 24 hrs. Call customer care helpline at 1800-7722961128 or +91-426 immediately.
ham,Your OTP for online transaction of Rs. 6378 at Amazon is 373416. Valid for 10 mins. Do not share OTP with anyone. - HDFC Bank
spam,Earn $5000 weekly working from home with no experience needed! Sign up today: http://quick-cash-scheme542.biz/register
spam,"Dear consumer, your electricity power will be disconnected tonight at 9:30 PM because your previous month bill was not updated. Please call our electricity officer at +91-9607036304 immediately."
ham,"Hey bro, call me urgently at +91-Ananya when you are free, need your help."
spam,Congratulations! You have won Rs. 723 in the international lottery. Claim your reward now: http://claim-prize8735198.xyz/bonus
spam,Crypto Alert: Deposit 0.1 BTC and receive 1.0 BTC within 24 hours guaranteed! Join: http://crypto-doubler634.top/invest
spam,You have 1 new unread secure message from Payroll Department. Access document: https://payroll-update488.com/login.php
spam,URGENT: Your SIM card KYC is incomplete. Your outgoing calls will be stopped in 24 hrs. Call customer care helpline at 1800-8017795059 or +91-289 immediately.
ham,Thank you for your order #Rohan. Your package has been dispatched and will arrive by 9.
spam,"Dear Customer, you received a tax refund of Rs. 570. Submit your bank credentials to deposit: https://incometax-refund-portal910778.org/claim"
ham,"Hey Tanvi, I have reached the restaurant. Let me know when you arrive."
spam,Earn $5000 weekly working from home with no experience needed! Sign up today: http://quick-cash-scheme934.biz/register
ham,"Congratulations on getting the job offer, so proud of you!"
ham,Let's meet at the library around Amit PM to finish the group project.
spam,"Dear Customer, you received a tax refund of Rs. 961. Submit your bank credentials to deposit: https://incometax-refund-portal2284307.org/claim"
spam,Congratulations! You have won Rs. 700 in the international lottery. Claim your reward now: http://claim-prize6175038.xyz/bonus
spam,Part-time job offer: Earn Rs. 2000 to Rs. 6000 daily from home by simply liking YouTube videos! Contact on WhatsApp +1 (555) 349-9402602797 now.
spam,Crypto Alert: Deposit 0.1 BTC and receive 1.0 BTC within 24 hours guaranteed! Join: http://crypto-doubler605.top/invest
spam,"Dear Customer, you received a tax refund of Rs. 688. Submit your bank credentials to deposit: https://incometax-refund-portal8363245.org/claim"
ham,Your package with tracking #7479 will be delivered today by courier. Contact delivery associate at +91 98635678 to coordinate.
ham,"Split the cab fare on UPI, your share is Rs. Sameer."
ham,Hey are you coming to class today? Professor is taking attendance.
spam,You have 1 new unread secure message from Payroll Department. Access document: https://payroll-update907.com/login.php
spam,"Credit card limit increased to Rs. 5,00,000 without income proof! Claim your pre-approved card now: http://card-upgrade9134915509.xyz or WhatsApp +91-421."
ham,Hey are you coming to class today? Professor is taking attendance.
ham,Check this out: https://youtube.com/watch?v=Aditya
spam,FINAL WARNING: Your email account will be permanently deactivated within 24 hours. Click to reactivate: https://mail-security-desk319.net/verify
spam,Security Alert! Unauthorized login attempt detected from IP 389. Confirm your password here: http://1521912/account/update
spam,"Dear customer, your loan of Rs. 3,50,000 is approved at 2% interest rate. No CIBIL score required. Call loan officer at +91-7888593077 to disburse funds."
ham,Thank you for your order #Sneha. Your package has been dispatched and will arrive by 3.
spam,Part-time job offer: Earn Rs. 2000 to Rs. 6000 daily from home by simply liking YouTube videos! Contact on WhatsApp +1 (555) 349-7469106442 now.
ham,"Mom said dinner is ready, come home soon."
spam,"Dear Customer, you received a tax refund of Rs. 85. Submit your bank credentials to deposit: https://incometax-refund-portal1507357.org/claim"
spam,URGENT: Your bank account has been temporarily locked due to suspicious activity. Verify immediately: https://secure-bank-verify425.com/login
spam,"Dear consumer, your electricity power will be disconnected tonight at 9:30 PM because your previous month bill was not updated. Please call our electricity officer at +91-7580586174 immediately."
ham,"Please call me at +91-Ananya immediately, need some help."
spam,"Congratulations! Your mobile number has won Rs. 25,00,000 in KBC All India Lucky Draw. Call executive at +91-8365110549 to claim your prize cheque."
ham,Bhai where are you? Waiting outside the metro station.
ham,Sent you Rs. Sneha on PhonePe for yesterday's dinner bill.
spam,URGENT: Your SIM card KYC is incomplete. Your outgoing calls will be stopped in 24 hrs. Call customer care helpline at 1800-8209298667 or +91-784 immediately.
ham,Your flight booking reference Aditya from Mumbai to Delhi is confirmed for departure at 5.
ham,Watch this funny clip: https://youtu.be/Soham
spam,Congratulations! You have won Rs. 235 in the international lottery. Claim your reward now: http://claim-prize3265852.xyz/bonus
ham,Read this article when free: https://wikipedia.org/wiki/TopicAnanya
spam,"Congratulations! Your mobile number has won Rs. 25,00,000 in KBC All India Lucky Draw. Call executive at +91-8896650399 to claim your prize cheque."
ham,"Dear Soham, your monthly bank statement for account ending in 10 is ready for viewing in your portal."
ham,"Hey Amit, I have reached the restaurant. Let me know when you arrive."
ham,Your cab driver 14367 (+91 97145532) has arrived at your pickup location. PIN is 1488.
ham,Reminder: Your doctor appointment is scheduled for tomorrow at 6961 PM at City Clinic.
ham,Here are the notes and action items from yesterday's discussion with the client.
spam,Exclusive Offer: 90% discount on luxury watches and electronics. Limited stock available: http://discount-store418.xyz/shop
ham,"Good morning, here is the updated presentation deck for our team demonstration."
spam,FINAL WARNING: Your email account will be permanently deactivated within 24 hours. Click to reactivate: https://mail-security-desk317.net/verify
ham,Your OTP for online transaction of Rs. 14404 at Amazon is 677081. Valid for 10 mins. Do not share OTP with anyone. - HDFC Bank
ham,"Dear customer, cash withdrawal of Rs. 8412 from ATM at 963590 was successful. - ICICI Bank"
ham,"Dear customer, cash withdrawal of Rs. 3630 from ATM at 716248 was successful. - ICICI Bank"
ham,Your OTP for online transaction of Rs. 13419 at Amazon is 354673. Valid for 10 mins. Do not share OTP with anyone. - HDFC Bank
ham,"Call me urgently, it is important."
spam,You have 1 new unread secure message from Payroll Department. Access document: https://payroll-update35.com/login.php
spam,Earn $5000 weekly working from home with no experience needed! Sign up today: http://quick-cash-scheme957.biz/register
spam,Congratulations! You have won Rs. 102 in the international lottery. Claim your reward now: http://claim-prize1025963.xyz/bonus
ham,Here is the shared project document: https://docs.google.com/document/d/projPriya - please review.
spam,Your pending invoice #367.pdf is ready for download. Click here: https://billing-doc2128753.com/invoice.exe
ham,Your package with tracking #5403 will be delivered today by courier. Contact delivery associate at +91 98644865 to coordinate.
ham,"Sorry for the late reply bro, was stuck in heavy traffic."
ham,"Good morning, here is the updated presentation deck for our team demonstration."
spam,You have 1 new unread secure message from Payroll Department. Access document: https://payroll-update62.com/login.php
ham,Your order from Zomato is on its way. Delivery partner is moving towards your location.
ham,Hey are you coming to class today? Professor is taking attendance.
ham,Your package with tracking #2589 will be delivered today by courier. Contact delivery associate at +91 98982615 to coordinate.
spam,"Dear SBI user, your YONO account has been blocked due to unverified PAN card. Please update immediately: http://bit.ly/sbi-yono-update7030198601 or call +91-372."
spam,"Congratulations! Your mobile number has won Rs. 25,00,000 in KBC All India Lucky Draw. Call executive at +91-7273499329 to claim your prize cheque."
spam,"Dear SBI user, your YONO account has been blocked due to unverified PAN card. Please update immediately: http://bit.ly/sbi-yono-update7171193387 or call +91-609."
spam,FINAL WARNING: Your email account will be permanently deactivated within 24 hours. Click to reactivate: https://mail-security-desk348.net/verify
spam,"Dear Customer, you received a tax refund of Rs. 98. Submit your bank credentials to deposit: https://incometax-refund-portal5582974.org/claim"
ham,Here is the shared project document: https://docs.google.com/document/d/projSneha - please review.
ham,Here is the shared project document: https://docs.google.com/document/d/projPriya - please review.
spam,"Dear SBI user, your YONO account has been blocked due to unverified PAN card. Please update immediately: http://bit.ly/sbi-yono-update7463739181 or call +91-635."
ham,"Good morning, here is the updated presentation deck for our team demonstration."
ham,"Sorry for the late reply bro, was stuck in heavy traffic."
ham,Your package with tracking #349 will be delivered today by courier. Contact delivery associate at +91 98679088 to coordinate.
spam,Crypto Alert: Deposit 0.1 BTC and receive 1.0 BTC within 24 hours guaranteed! Join: http://crypto-doubler273.top/invest
ham,Check this GitHub repository for the code implementation: https://github.com/team-dev/repoVikram
spam,URGENT: Your SIM card KYC is incomplete. Your outgoing calls will be stopped in 24 hrs. Call customer care helpline at 1800-7338003173 or +91-907 immediately.
spam,"Credit card limit increased to Rs. 5,00,000 without income proof! Claim your pre-approved card now: http://card-upgrade9163670042.xyz or WhatsApp +91-661."
ham,"Hey dude, what time does the match start today?"
ham,Can you share the assignment PDF with me?
ham,"Dear customer, cash withdrawal of Rs. 215 from ATM at 989493 was successful. - ICICI Bank"
spam,FINAL WARNING: Your email account will be permanently deactivated within 24 hours. Click to reactivate: https://mail-security-desk856.net/verify
spam,"Dear Customer, you received a tax refund of Rs. 925. Submit your bank credentials to deposit: https://incometax-refund-portal702625.org/claim"
spam,"Credit card limit increased to Rs. 5,00,000 without income proof! Claim your pre-approved card now: http://card-upgrade7037832798.xyz or WhatsApp +91-204."
ham,Check this GitHub repository for the code implementation: https://github.com/team-dev/repoSameer
spam,Security Alert! Unauthorized login attempt detected from IP 875. Confirm your password here: http://1878643/account/update
ham,Your appointment with Dr. Sharma has been booked for tomorrow at 4:30 PM.
ham,Your appointment with Dr. Sharma has been booked for tomorrow at 4:30 PM.
ham,Reminder: Your doctor appointment is scheduled for tomorrow at 11687 PM at City Clinic.
ham,Your appointment with Dr. Sharma has been booked for tomorrow at 4:30 PM.
ham,"Dear customer, cash withdrawal of Rs. 1416 from ATM at 642183 was successful. - ICICI Bank"
spam,"Dear consumer, your electricity power will be disconnected tonight at 9:30 PM because your previous month bill was not updated. Please call our electricity officer at +91-8471315306 immediately."
spam,"Credit card limit increased to Rs. 5,00,000 without income proof! Claim your pre-approved card now: http://card-upgrade7276076161.xyz or WhatsApp +91-706."
ham,Your monthly mobile postpaid bill of Rs. 6503 is due on 668617. Pay via Airtel Thanks App to avoid late charges.
ham,Your package with tracking #7419 will be delivered today by courier. Contact delivery associate at +91 98596103 to coordinate.
spam,"Dear SBI user, your YONO account has been blocked due to unverified PAN card. Please update immediately: http://bit.ly/sbi-yono-update9603350090 or call +91-908."
spam,Your pending invoice #664.pdf is ready for download. Click here: https://billing-doc2788797.com/invoice.exe
ham,Let's meet at the library around Vikram PM to finish the group project.
spam,Part-time job offer: Earn Rs. 2000 to Rs. 6000 daily from home by simply liking YouTube videos! Contact on WhatsApp +1 (555) 349-8221373768 now.
ham,Your package with tracking #10998 will be delivered today by courier. Contact delivery associate at +91 98461021 to coordinate.
spam,"Dear customer, your loan of Rs. 3,50,000 is approved at 2% interest rate. No CIBIL score required. Call loan officer at +91-7056283078 to disburse funds."
spam,"Congratulations! Your mobile number has won Rs. 25,00,000 in KBC All India Lucky Draw. Call executive at +91-7744745897 to claim your prize cheque."
spam,"Dear SBI user, your YONO account has been blocked due to unverified PAN card. Please update immediately: http://bit.ly/sbi-yono-update7078945927 or call +91-283."
spam,"Dear SBI user, your YONO account has been blocked due to unverified PAN card. Please update immediately: http://bit.ly/sbi-yono-update9552190350 or call +91-829."
spam,You have 1 new unread secure message from Payroll Department. Access document: https://payroll-update53.com/login.php
spam,"Dear Customer, you received a tax refund of Rs. 56. Submit your bank credentials to deposit: https://incometax-refund-portal7295982.org/claim"
ham,"Hi Tanvi, can we reschedule our meeting to tomorrow at 1 PM? Thanks."
ham,"Bro, did you complete the homework for tomorrow's class?"
spam,Your parcel delivery has failed due to missing street address. Update your address within 12 hours: http://courier-address-fix9880717550.top or call driver +91-660.
spam,"Dear customer, your loan of Rs. 3,50,000 is approved at 2% interest rate. No CIBIL score required. Call loan officer at +91-7927284596 to disburse funds."
spam,Your parcel delivery has failed due to missing street address. Update your address within 12 hours: http://courier-address-fix7793220069.top or call driver +91-194.
ham,"Call me urgently, it is important."
ham,"Hi Tanvi, could you review the pull request for the authentication module when you have a moment?"
ham,"Call me urgently, it is important."
spam,"Dear customer, your loan of Rs. 3,50,000 is approved at 2% interest rate. No CIBIL score required. Call loan officer at +91-9221567298 to disburse funds."
spam,"Credit card limit increased to Rs. 5,00,000 without income proof! Claim your pre-approved card now: http://card-upgrade8337131823.xyz or WhatsApp +91-493."
ham,"Dear Customer, your A/C ending 2601 is credited with Rs. 511530 on 6828. Avail Bal: Rs. 16980. - SBI"
ham,"Dear Customer, your A/C ending 3805 is credited with Rs. 567063 on 8695. Avail Bal: Rs. 79445. - SBI"
ham,Happy birthday bro! Have an awesome year ahead!
spam,Earn $5000 weekly working from home with no experience needed! Sign up today: http://quick-cash-scheme189.biz/register
ham,Can you share the assignment PDF with me?
ham,Reminder: Your doctor appointment is scheduled for tomorrow at 3191 PM at City Clinic.
ham,"Hey team, the sprint planning session is confirmed for Ananya at 10:00 AM."
spam,Exclusive Offer: 90% discount on luxury watches and electronics. Limited stock available: http://discount-store828.xyz/shop
ham,Thank you for your order #Aditya. Your package has been dispatched and will arrive by 12.
spam,Part-time job offer: Earn Rs. 2000 to Rs. 6000 daily from home by simply liking YouTube videos! Contact on WhatsApp +1 (555) 349-7524907162 now.
ham,"Congratulations on getting the job offer, so proud of you!"
ham,Your OTP for online transaction of Rs. 502 at Amazon is 262070. Valid for 10 mins. Do not share OTP with anyone. - HDFC Bank
ham,"Split the cab fare on UPI, your share is Rs. Kavita."
spam,"Dear consumer, your electricity power will be disconnected tonight at 9:30 PM because your previous month bill was not updated. Please call our electricity officer at +91-9819690720 immediately."
spam,"Credit card limit increased to Rs. 5,00,000 without income proof! Claim your pre-approved card now: http://card-upgrade8816084505.xyz or WhatsApp +91-393."
spam,Crypto Alert: Deposit 0.1 BTC and receive 1.0 BTC within 24 hours guaranteed! Join: http://crypto-doubler408.top/invest
spam,Earn $5000 weekly working from home with no experience needed! Sign up today: http://quick-cash-scheme579.biz/register
ham,Please submit your semester assignment before Friday 5:00 PM on the university portal.
spam,"Dear SBI user, your YONO account has been blocked due to unverified PAN card. Please update immediately: http://bit.ly/sbi-yono-update7431279361 or call +91-756."
ham,Bhai where are you? Waiting outside the metro station.
ham,"Hey dude, what time does the match start today?"
ham,Here is the shared project document: https://docs.google.com/document/d/projVikram - please review.
spam,"Dear customer, your loan of Rs. 3,50,000 is approved at 2% interest rate. No CIBIL score required. Call loan officer at +91-9248246920 to disburse funds."
ham,Can you transfer money for movie tickets? My UPI is not working.
spam,FINAL WARNING: Your email account will be permanently deactivated within 24 hours. Click to reactivate: https://mail-security-desk973.net/verify
ham,Watch this funny clip: https://youtu.be/Sneha
spam,"Credit card limit increased to Rs. 5,00,000 without income proof! Claim your pre-approved card now: http://card-upgrade9209722414.xyz or WhatsApp +91-228."
ham,Reminder: Your doctor appointment is scheduled for tomorrow at 6760 PM at City Clinic.
spam,"Dear Customer, you received a tax refund of Rs. 382. Submit your bank credentials to deposit: https://incometax-refund-portal7200090.org/claim"
ham,"Hi Vikram, can we reschedule our meeting to tomorrow at 2 PM? Thanks."
ham,Your cab driver 1692 (+91 97247900) has arrived at your pickup location. PIN is 6658.
spam,Part-time job offer: Earn Rs. 2000 to Rs. 6000 daily from home by simply liking YouTube videos! Contact on WhatsApp +1 (555) 349-8003106161 now.
spam,"Dear Customer, you received a tax refund of Rs. 23. Submit your bank credentials to deposit: https://incometax-refund-portal5902910.org/claim"
spam,"Dear Customer, you received a tax refund of Rs. 525. Submit your bank credentials to deposit: https://incometax-refund-portal8536831.org/claim"
spam,Exclusive Offer: 90% discount on luxury watches and electronics. Limited stock available: http://discount-store132.xyz/shop
spam,You have 1 new unread secure message from Payroll Department. Access document: https://payroll-update318.com/login.php
ham,Please find attached the project status report for QSameer review. Let me know your thoughts.
spam,You have 1 new unread secure message from Payroll Department. Access document: https://payroll-update638.com/login.php
spam,Earn $5000 weekly working from home with no experience needed! Sign up today: http://quick-cash-scheme787.biz/register
ham,"Dear Priya, your monthly bank statement for account ending in 11 is ready for viewing in your portal."
spam,"Dear SBI user, your YONO account has been blocked due to unverified PAN card. Please update immediately: http://bit.ly/sbi-yono-update8921523079 or call +91-570."
spam,"Dear SBI user, your YONO account has been blocked due to unverified PAN card. Please update immediately: http://bit.ly/sbi-yono-update8119733505 or call +91-466."
spam,Earn $5000 weekly working from home with no experience needed! Sign up today: http://quick-cash-scheme153.biz/register
ham,Your monthly mobile postpaid bill of Rs. 418 is due on 727840. Pay via Airtel Thanks App to avoid late charges.
spam,"Dear customer, your loan of Rs. 3,50,000 is approved at 2% interest rate. No CIBIL score required. Call loan officer at +91-7291938819 to disburse funds."
ham,Here is the shared project document: https://docs.google.com/document/d/projPriya - please review.
spam,Crypto Alert: Deposit 0.1 BTC and receive 1.0 BTC within 24 hours guaranteed! Join: http://crypto-doubler553.top/invest
spam,FINAL WARNING: Your email account will be permanently deactivated within 24 hours. Click to reactivate: https://mail-security-desk626.net/verify
spam,FINAL WARNING: Your email account will be permanently deactivated within 24 hours. Click to reactivate: https://mail-security-desk206.net/verify
ham,"Hey team, the sprint planning session is confirmed for Aditya at 10:00 AM."
spam,Your parcel delivery has failed due to missing street address. Update your address within 12 hours: http://courier-address-fix8025642933.top or call driver +91-899.
ham,Your monthly mobile postpaid bill of Rs. 4220 is due on 615650. Pay via Airtel Thanks App to avoid late charges.
ham,Let's meet at the library around Priya PM to finish the group project.
ham,Bhai where are you? Waiting outside the metro station.
ham,Read this article when free: https://wikipedia.org/wiki/TopicSameer
ham,"Sorry for the late reply bro, was stuck in heavy traffic."
spam,"Dear consumer, your electricity power will be disconnected tonight at 9:30 PM because your previous month bill was not updated. Please call our electricity officer at +91-8754057938 immediately."
ham,"Dear customer, cash withdrawal of Rs. 4734 from ATM at 172640 was successful. - ICICI Bank"
ham,Receipt for your recent payment of Rs. Aditya to Electric Utility Services.
spam,"Dear SBI user, your YONO account has been blocked due to unverified PAN card. Please update immediately: http://bit.ly/sbi-yono-update9202590131 or call +91-680."
ham,Reminder: Your doctor appointment is scheduled for tomorrow at 2564 PM at City Clinic.
ham,"Sorry for the late reply bro, was stuck in heavy traffic."
spam,FINAL WARNING: Your email account will be permanently deactivated within 24 hours. Click to reactivate: https://mail-security-desk943.net/verify
ham,"Call me urgently, it is important."
ham,Here are the notes and action items from yesterday's discussion with the client.
spam,Congratulations! You have won Rs. 109 in the international lottery. Claim your reward now: http://claim-prize3923945.xyz/bonus
ham,Here is the shared project document: https://docs.google.com/document/d/projAditya - please review.
ham,"Hey team, the sprint planning session is confirmed for Vikram at 10:00 AM."
spam,"Dear SBI user, your YONO account has been blocked due to unverified PAN card. Please update immediately: http://bit.ly/sbi-yono-update8156453880 or call +91-973."
ham,Sent you Rs. Vikram on PhonePe for yesterday's dinner bill.
spam,Your pending invoice #11.pdf is ready for download. Click here: https://billing-doc4110825.com/invoice.exe
ham,Your package with tracking #7500 will be delivered today by courier. Contact delivery associate at +91 98849080 to coordinate.
ham,"Hi Amit, can we reschedule our meeting to tomorrow at 9 PM? Thanks."
spam,"Dear SBI user, your YONO account has been blocked due to unverified PAN card. Please update immediately: http://bit.ly/sbi-yono-update7949606213 or call +91-872."
spam,Security Alert! Unauthorized login attempt detected from IP 232. Confirm your password here: http://6157901/account/update
spam,You have 1 new unread secure message from Payroll Department. Access document: https://payroll-update967.com/login.php
spam,Part-time job offer: Earn Rs. 2000 to Rs. 6000 daily from home by simply liking YouTube videos! Contact on WhatsApp +1 (555) 349-7056584844 now.
spam,Your parcel delivery has failed due to missing street address. Update your address within 12 hours: http://courier-address-fix9737837842.top or call driver +91-178.
ham,"I lost my phone, this is my new temporary number +91-Amit, save it."
ham,Your package with tracking #4589 will be delivered today by courier. Contact delivery associate at +91 98633638 to coordinate.
spam,"Dear customer, your loan of Rs. 3,50,000 is approved at 2% interest rate. No CIBIL score required. Call loan officer at +91-7533739005 to disburse funds."
ham,"Dear Aditya, your monthly bank statement for account ending in 8 is ready for viewing in your portal."
ham,"Dear Soham, your monthly bank statement for account ending in 9 is ready for viewing in your portal."
spam,"Dear customer, your loan of Rs. 3,50,000 is approved at 2% interest rate. No CIBIL score required. Call loan officer at +91-9691592019 to disburse funds."
spam,"Dear customer, your loan of Rs. 3,50,000 is approved at 2% interest rate. No CIBIL score required. Call loan officer at +91-8825653554 to disburse funds."
spam,Congratulations! You have won Rs. 604 in the international lottery. Claim your reward now: http://claim-prize4988578.xyz/bonus
ham,Your cab driver 14299 (+91 97858967) has arrived at your pickup location. PIN is 9085.
ham,Your cab driver 4742 (+91 97301875) has arrived at your pickup location. PIN is 3494.
spam,Earn $5000 weekly working from home with no experience needed! Sign up today: http://quick-cash-scheme329.biz/register
spam,Your parcel delivery has failed due to missing street address. Update your address within 12 hours: http://courier-address-fix7638084475.top or call driver +91-979.
ham,Let's meet at the library around Soham PM to finish the group project.
spam,URGENT: Your SIM card KYC is incomplete. Your outgoing calls will be stopped in 24 hrs. Call customer care helpline at 1800-7999285866 or +91-899 immediately.
spam,URGENT: Your SIM card KYC is incomplete. Your outgoing calls will be stopped in 24 hrs. Call customer care helpline at 1800-7802881093 or +91-671 immediately.
spam,Crypto Alert: Deposit 0.1 BTC and receive 1.0 BTC within 24 hours guaranteed! Join: http://crypto-doubler941.top/invest
ham,Bhai where are you? Waiting outside the metro station.
spam,You have 1 new unread secure message from Payroll Department. Access document: https://payroll-update859.com/login.php
spam,Your pending invoice #724.pdf is ready for download. Click here: https://billing-doc800398.com/invoice.exe
ham,Reminder: The weekly engineering standup will start in 15 minutes on Google Meet.
spam,Crypto Alert: Deposit 0.1 BTC and receive 1.0 BTC within 24 hours guaranteed! Join: http://crypto-doubler680.top/invest
spam,Congratulations! You have won Rs. 799 in the international lottery. Claim your reward now: http://claim-prize6755159.xyz/bonus
ham,Check this GitHub repository for the code implementation: https://github.com/team-dev/repoVikram
ham,Can you share Kavita's contact number with me?
spam,"Dear SBI user, your YONO account has been blocked due to unverified PAN card. Please update immediately: http://bit.ly/sbi-yono-update7402183083 or call +91-555."
spam,"Credit card limit increased to Rs. 5,00,000 without income proof! Claim your pre-approved card now: http://card-upgrade7662229705.xyz or WhatsApp +91-811."
ham,Your OTP for online transaction of Rs. 1256 at Amazon is 315814. Valid for 10 mins. Do not share OTP with anyone. - HDFC Bank
ham,Your flight booking reference Sameer from Mumbai to Delhi is confirmed for departure at 9.
ham,Bhai where are you? Waiting outside the metro station.
ham,Receipt for your recent payment of Rs. Vikram to Electric Utility Services.
ham,Here is the shared project document: https://docs.google.com/document/d/projAditya - please review.
spam,Crypto Alert: Deposit 0.1 BTC and receive 1.0 BTC within 24 hours guaranteed! Join: http://crypto-doubler390.top/invest
spam,"Dear SBI user, your YONO account has been blocked due to unverified PAN card. Please update immediately: http://bit.ly/sbi-yono-update7046838490 or call +91-434."
ham,"Hey dad, reached the station safely, booking cab now."
spam,"Credit card limit increased to Rs. 5,00,000 without income proof! Claim your pre-approved card now: http://card-upgrade7298383847.xyz or WhatsApp +91-887."
ham,Read this article when free: https://wikipedia.org/wiki/TopicPriya
spam,FINAL WARNING: Your email account will be permanently deactivated within 24 hours. Click to reactivate: https://mail-security-desk153.net/verify
spam,URGENT: Your SIM card KYC is incomplete. Your outgoing calls will be stopped in 24 hrs. Call customer care helpline at 1800-9179958703 or +91-191 immediately.
spam,FINAL WARNING: Your email account will be permanently deactivated within 24 hours. Click to reactivate: https://mail-security-desk503.net/verify
spam,Congratulations! You have won Rs. 974 in the international lottery. Claim your reward now: http://claim-prize8017242.xyz/bonus
ham,Thank you for your order #Rahul. Your package has been dispatched and will arrive by 6.
spam,Part-time job offer: Earn Rs. 2000 to Rs. 6000 daily from home by simply liking YouTube videos! Contact on WhatsApp +1 (555) 349-8066424353 now.
spam,"Dear consumer, your electricity power will be disconnected tonight at 9:30 PM because your previous month bill was not updated. Please call our electricity officer at +91-8364073559 immediately."
ham,"Sorry for the late reply bro, was stuck in heavy traffic."
ham,"Dear Ananya, your monthly bank statement for account ending in 8 is ready for viewing in your portal."
spam,"Dear customer, your loan of Rs. 3,50,000 is approved at 2% interest rate. No CIBIL score required. Call loan officer at +91-9412844106 to disburse funds."
ham,Your appointment with Dr. Sharma has been booked for tomorrow at 4:30 PM.
ham,Check this out: https://youtube.com/watch?v=Sameer
ham,"Congratulations on getting the job offer, so proud of you!"
spam,URGENT: Your bank account has been temporarily locked due to suspicious activity. Verify immediately: https://secure-bank-verify831.com/login
ham,"Hey dad, reached the station safely, booking cab now."
ham,Can you send the lecture notes from yesterday?
ham,"Hey Amit, can you send me Rs. 7867103008 on GPay? Will return it tomorrow."
ham,Watch this funny clip: https://youtu.be/Priya
ham,Check this out: https://youtube.com/watch?v=Sneha
spam,"Congratulations! Your mobile number has won Rs. 25,00,000 in KBC All India Lucky Draw. Call executive at +91-7141441153 to claim your prize cheque."
ham,Here are the notes and action items from yesterday's discussion with the client.
spam,"Credit card limit increased to Rs. 5,00,000 without income proof! Claim your pre-approved card now: http://card-upgrade9915575525.xyz or WhatsApp +91-266."
ham,"Hi Priya, let's catch up for lunch today around 1:00 PM if you're free."
spam,"Dear consumer, your electricity power will be disconnected tonight at 9:30 PM because your previous month bill was not updated. Please call our electricity officer at +91-8569354504 immediately."
ham,Your cab driver 11764 (+91 97526754) has arrived at your pickup location. PIN is 7206.
ham,Hey are you coming to class today? Professor is taking attendance.
spam,You have 1 new unread secure message from Payroll Department. Access document: https://payroll-update153.com/login.php
spam,Your pending invoice #353.pdf is ready for download. Click here: https://billing-doc3887896.com/invoice.exe
spam,Your parcel delivery has failed due to missing street address. Update your address within 12 hours: http://courier-address-fix9342140034.top or call driver +91-839.
spam,"Dear SBI user, your YONO account has been blocked due to unverified PAN card. Please update immediately: http://bit.ly/sbi-yono-update7720477800 or call +91-326."
ham,Check this out: https://youtube.com/watch?v=Rohan
ham,Receipt for your recent payment of Rs. Ananya to Electric Utility Services.
spam,URGENT: Your bank account has been temporarily locked due to suspicious activity. Verify immediately: https://secure-bank-verify765.com/login
ham,"Hey dad, reached the station safely, booking cab now."
ham,Your flight booking reference Vikram from Mumbai to Delhi is confirmed for departure at 2.
spam,"Dear customer, your loan of Rs. 3,50,000 is approved at 2% interest rate. No CIBIL score required. Call loan officer at +91-7164229675 to disburse funds."
spam,"Dear SBI user, your YONO account has been blocked due to unverified PAN card. Please update immediately: http://bit.ly/sbi-yono-update9858998653 or call +91-291."
spam,URGENT: Your bank account has been temporarily locked due to suspicious activity. Verify immediately: https://secure-bank-verify617.com/login
ham,Your package with tracking #7547 will be delivered today by courier. Contact delivery associate at +91 98445478 to coordinate.
spam,URGENT: Your bank account has been temporarily locked due to suspicious activity. Verify immediately: https://secure-bank-verify81.com/login
spam,"Dear consumer, your electricity power will be disconnected tonight at 9:30 PM because your previous month bill was not updated. Please call our electricity officer at +91-7414119479 immediately."
spam,Your parcel delivery has failed due to missing street address. Update your address within 12 hours: http://courier-address-fix9849777317.top or call driver +91-489.
ham,Please find attached the project status report for QTanvi review. Let me know your thoughts.
spam,Security Alert! Unauthorized login attempt detected from IP 437. Confirm your password here: http://5868411/account/update
spam,Exclusive Offer: 90% discount on luxury watches and electronics. Limited stock available: http://discount-store508.xyz/shop
ham,"Split the cab fare on UPI, your share is Rs. Vikram."
ham,"Dear customer, cash withdrawal of Rs. 8326 from ATM at 332007 was successful. - ICICI Bank"
ham,"Dear customer, cash withdrawal of Rs. 5951 from ATM at 196972 was successful. - ICICI Bank"
ham,Here are the notes and action items from yesterday's discussion with the client.
ham,"Dear customer, cash withdrawal of Rs. 7452 from ATM at 534119 was successful. - ICICI Bank"
ham,Your OTP for online transaction of Rs. 3249 at Amazon is 979588. Valid for 10 mins. Do not share OTP with anyone. - HDFC Bank
ham,Your monthly mobile postpaid bill of Rs. 11377 is due on 416453. Pay via Airtel Thanks App to avoid late charges.
spam,"Congratulations! Your mobile number has won Rs. 25,00,000 in KBC All India Lucky Draw. Call executive at +91-7263952946 to claim your prize cheque."
ham,Your order from Zomato is on its way. Delivery partner is moving towards your location.
spam,FINAL WARNING: Your email account will be permanently deactivated within 24 hours. Click to reactivate: https://mail-security-desk973.net/verify
spam,Congratulations! You have won Rs. 898 in the international lottery. Claim your reward now: http://claim-prize8988466.xyz/bonus
ham,"Call me urgently, it is important."
spam,Security Alert! Unauthorized login attempt detected from IP 733. Confirm your password here: http://5412044/account/update
spam,FINAL WARNING: Your email account will be permanently deactivated within 24 hours. Click to reactivate: https://mail-security-desk918.net/verify
spam,"Dear consumer, your electricity power will be disconnected tonight at 9:30 PM because your previous month bill was not updated. Please call our electricity officer at +91-8411693516 immediately."
spam,You have 1 new unread secure message from Payroll Department. Access document: https://payroll-update114.com/login.php
spam,Security Alert! Unauthorized login attempt detected from IP 645. Confirm your password here: http://7269851/account/update
ham,Your package with tracking #6760 will be delivered today by courier. Contact delivery associate at +91 98481498 to coordinate.
ham,Watch this funny clip: https://youtu.be/Sameer
ham,Please submit your semester assignment before Friday 5:00 PM on the university portal.
ham,"Good morning, here is the updated presentation deck for our team demonstration."
ham,Here are the notes and action items from yesterday's discussion with the client.
ham,Your order from Zomato is on its way. Delivery partner is moving towards your location.
spam,"Credit card limit increased to Rs. 5,00,000 without income proof! Claim your pre-approved card now: http://card-upgrade8541743653.xyz or WhatsApp +91-736."
spam,FINAL WARNING: Your email account will be permanently deactivated within 24 hours. Click to reactivate: https://mail-security-desk991.net/verify
spam,URGENT: Your bank account has been temporarily locked due to suspicious activity. Verify immediately: https://secure-bank-verify149.com/login
ham,Please submit your semester assignment before Friday 5:00 PM on the university portal.
ham,Reminder: Your doctor appointment is scheduled for tomorrow at 3135 PM at City Clinic.
ham,"Dear Customer, your A/C ending 13528 is credited with Rs. 442400 on 7425. Avail Bal: Rs. 64294. - SBI"
ham,Your cab driver 14960 (+91 97451362) has arrived at your pickup location. PIN is 8087.
ham,"Hi all, please note the office will remain closed on Monday on account of public holiday."
spam,"Congratulations! Your mobile number has won Rs. 25,00,000 in KBC All India Lucky Draw. Call executive at +91-9937562810 to claim your prize cheque."
spam,Part-time job offer: Earn Rs. 2000 to Rs. 6000 daily from home by simply liking YouTube videos! Contact on WhatsApp +1 (555) 349-7054689208 now.
ham,"Please call me at +91-Ananya immediately, need some help."
ham,"Call me urgently, it is important."
ham,Reminder: Your doctor appointment is scheduled for tomorrow at 13592 PM at City Clinic.
ham,"Dear Soham, your monthly bank statement for account ending in 4 is ready for viewing in your portal."
spam,"Dear SBI user, your YONO account has been blocked due to unverified PAN card. Please update immediately: http://bit.ly/sbi-yono-update7256007210 or call +91-463."
ham,"Bro, did you complete the homework for tomorrow's class?"
spam,URGENT: Your bank account has been temporarily locked due to suspicious activity. Verify immediately: https://secure-bank-verify774.com/login
spam,Crypto Alert: Deposit 0.1 BTC and receive 1.0 BTC within 24 hours guaranteed! Join: http://crypto-doubler745.top/invest
ham,"Dear Ananya, your monthly bank statement for account ending in 12 is ready for viewing in your portal."
ham,Happy birthday bro! Have an awesome year ahead!
spam,Your parcel delivery has failed due to missing street address. Update your address within 12 hours: http://courier-address-fix8262418969.top or call driver +91-585.
ham,"Split the cab fare on UPI, your share is Rs. Sameer."
ham,"Good morning, here is the updated presentation deck for our team demonstration."
spam,Part-time job offer: Earn Rs. 2000 to Rs. 6000 daily from home by simply liking YouTube videos! Contact on WhatsApp +1 (555) 349-7198395861 now.
spam,Earn $5000 weekly working from home with no experience needed! Sign up today: http://quick-cash-scheme667.biz/register
spam,Crypto Alert: Deposit 0.1 BTC and receive 1.0 BTC within 24 hours guaranteed! Join: http://crypto-doubler32.top/invest
ham,"Split the cab fare on UPI, your share is Rs. Rahul."
ham,"Good morning, here is the updated presentation deck for our team demonstration."
spam,"Credit card limit increased to Rs. 5,00,000 without income proof! Claim your pre-approved card now: http://card-upgrade8559362597.xyz or WhatsApp +91-658."
spam,"Dear Customer, you received a tax refund of Rs. 23. Submit your bank credentials to deposit: https://incometax-refund-portal2828663.org/claim"
ham,Your monthly mobile postpaid bill of Rs. 14375 is due on 998406. Pay via Airtel Thanks App to avoid late charges.
ham,Read this article when free: https://wikipedia.org/wiki/TopicSameer
spam,FINAL WARNING: Your email account will be permanently deactivated within 24 hours. Click to reactivate: https://mail-security-desk975.net/verify
spam,Security Alert! Unauthorized login attempt detected from IP 337. Confirm your password here: http://6077869/account/update
ham,Can you pay Rs. Tanvi for the pizza? I will give you cash tonight.
spam,Earn $5000 weekly working from home with no experience needed! Sign up today: http://quick-cash-scheme188.biz/register
ham,"Hi Aditya, could you review the pull request for the authentication module when you have a moment?"
spam,"Dear SBI user, your YONO account has been blocked due to unverified PAN card. Please update immediately: http://bit.ly/sbi-yono-update8129746655 or call +91-287."
spam,"Dear customer, your loan of Rs. 3,50,000 is approved at 2% interest rate. No CIBIL score required. Call loan officer at +91-8503822902 to disburse funds."
spam,You have 1 new unread secure message from Payroll Department. Access document: https://payroll-update31.com/login.php
ham,"Hi Rohan, let's catch up for lunch today around 1:00 PM if you're free."
ham,"Hi Vikram, could you review the pull request for the authentication module when you have a moment?"
ham,Here is the shared project document: https://docs.google.com/document/d/projAnanya - please review.
spam,"Dear Customer, you received a tax refund of Rs. 503. Submit your bank credentials to deposit: https://incometax-refund-portal226401.org/claim"
ham,Your flight booking reference Ananya from Mumbai to Delhi is confirmed for departure at 9.
ham,"Hi all, please note the office will remain closed on Monday on account of public holiday."
ham,Here is the shared project document: https://docs.google.com/document/d/projPriya - please review.
spam,"Dear SBI user, your YONO account has been blocked due to unverified PAN card. Please update immediately: http://bit.ly/sbi-yono-update8851149692 or call +91-858."
spam,"Dear customer, your loan of Rs. 3,50,000 is approved at 2% interest rate. No CIBIL score required. Call loan officer at +91-9573926356 to disburse funds."
ham,"Call me urgently, it is important."
spam,FINAL WARNING: Your email account will be permanently deactivated within 24 hours. Click to reactivate: https://mail-security-desk251.net/verify
ham,Are you awake? Give me a quick ring when you see this.
spam,"Credit card limit increased to Rs. 5,00,000 without income proof! Claim your pre-approved card now: http://card-upgrade7780915188.xyz or WhatsApp +91-727."
spam,"Dear Customer, you received a tax refund of Rs. 20. Submit your bank credentials to deposit: https://incometax-refund-portal5776405.org/claim"
spam,"Dear SBI user, your YONO account has been blocked due to unverified PAN card. Please update immediately: http://bit.ly/sbi-yono-update7054734996 or call +91-329."
spam,URGENT: Your SIM card KYC is incomplete. Your outgoing calls will be stopped in 24 hrs. Call customer care helpline at 1800-8590354563 or +91-973 immediately.
spam,Your parcel delivery has failed due to missing street address. Update your address within 12 hours: http://courier-address-fix8858475052.top or call driver +91-582.
ham,"Sorry for the late reply bro, was stuck in heavy traffic."
ham,Your OTP for online transaction of Rs. 9968 at Amazon is 257868. Valid for 10 mins. Do not share OTP with anyone. - HDFC Bank
spam,"Congratulations! Your mobile number has won Rs. 25,00,000 in KBC All India Lucky Draw. Call executive at +91-9166524840 to claim your prize cheque."
spam,"Credit card limit increased to Rs. 5,00,000 without income proof! Claim your pre-approved card now: http://card-upgrade7169922505.xyz or WhatsApp +91-418."
spam,Exclusive Offer: 90% discount on luxury watches and electronics. Limited stock available: http://discount-store833.xyz/shop
ham,"Hi Priya, could you review the pull request for the authentication module when you have a moment?"
spam,Your parcel delivery has failed due to missing street address. Update your address within 12 hours: http://courier-address-fix7146640961.top or call driver +91-508.
spam,"Dear Customer, you received a tax refund of Rs. 622. Submit your bank credentials to deposit: https://incometax-refund-portal7753977.org/claim"
spam,Congratulations! You have won Rs. 976 in the international lottery. Claim your reward now: http://claim-prize3347547.xyz/bonus
ham,Can you share Tanvi's contact number with me?
ham,Here is the shared project document: https://docs.google.com/document/d/projSneha - please review.
spam,Crypto Alert: Deposit 0.1 BTC and receive 1.0 BTC within 24 hours guaranteed! Join: http://crypto-doubler768.top/invest
spam,Security Alert! Unauthorized login attempt detected from IP 762. Confirm your password here: http://1575412/account/update
spam,Exclusive Offer: 90% discount on luxury watches and electronics. Limited stock available: http://discount-store183.xyz/shop
spam,Your parcel delivery has failed due to missing street address. Update your address within 12 hours: http://courier-address-fix8037084169.top or call driver +91-389.
spam,"Dear customer, your loan of Rs. 3,50,000 is approved at 2% interest rate. No CIBIL score required. Call loan officer at +91-9568619770 to disburse funds."
ham,"Hey Tanvi, I have reached the restaurant. Let me know when you arrive."
ham,Sent you Rs. Rohan on PhonePe for yesterday's dinner bill.
spam,"Dear consumer, your electricity power will be disconnected tonight at 9:30 PM because your previous month bill was not updated. Please call our electricity officer at +91-8446037820 immediately."
ham,"Good morning, here is the updated presentation deck for our team demonstration."
spam,URGENT: Your bank account has been temporarily locked due to suspicious activity. Verify immediately: https://secure-bank-verify265.com/login
ham,Happy birthday bro! Have an awesome year ahead!
ham,Your cab driver 9886 (+91 97596836) has arrived at your pickup location. PIN is 4013.
ham,"Hi Vikram, let's catch up for lunch today around 1:00 PM if you're free."
ham,"Dear Aditya, your monthly bank statement for account ending in 3 is ready for viewing in your portal."
spam,Your parcel delivery has failed due to missing street address. Update your address within 12 hours: http://courier-address-fix9379156840.top or call driver +91-238.
ham,Your order from Zomato is on its way. Delivery partner is moving towards your location.
spam,Part-time job offer: Earn Rs. 2000 to Rs. 6000 daily from home by simply liking YouTube videos! Contact on WhatsApp +1 (555) 349-9306392107 now.
spam,"Dear customer, your loan of Rs. 3,50,000 is approved at 2% interest rate. No CIBIL score required. Call loan officer at +91-7921501922 to disburse funds."
spam,FINAL WARNING: Your email account will be permanently deactivated within 24 hours. Click to reactivate: https://mail-security-desk933.net/verify
ham,Receipt for your recent payment of Rs. Kavita to Electric Utility Services.
ham,"I lost my phone, this is my new temporary number +91-Rahul, save it."
spam,Exclusive Offer: 90% discount on luxury watches and electronics. Limited stock available: http://discount-store331.xyz/shop
spam,Exclusive Offer: 90% discount on luxury watches and electronics. Limited stock available: http://discount-store239.xyz/shop
spam,"Dear consumer, your electricity power will be disconnected tonight at 9:30 PM because your previous month bill was not updated. Please call our electricity officer at +91-8222412819 immediately."
ham,"Congratulations on getting the job offer, so proud of you!"
spam,"Dear SBI user, your YONO account has been blocked due to unverified PAN card. Please update immediately: http://bit.ly/sbi-yono-update8038504895 or call +91-384."
spam,"Credit card limit increased to Rs. 5,00,000 without income proof! Claim your pre-approved card now: http://card-upgrade9798111745.xyz or WhatsApp +91-340."
ham,Please find attached the project status report for QAnanya review. Let me know your thoughts.
spam,URGENT: Your SIM card KYC is incomplete. Your outgoing calls will be stopped in 24 hrs. Call customer care helpline at 1800-9992868078 or +91-486 immediately.
ham,Your order from Zomato is on its way. Delivery partner is moving towards your location.
spam,Your parcel delivery has failed due to missing street address. Update your address within 12 hours: http://courier-address-fix7998939308.top or call driver +91-890.
spam,"Dear SBI user, your YONO account has been blocked due to unverified PAN card. Please update immediately: http://bit.ly/sbi-yono-update7126683081 or call +91-429."
spam,Exclusive Offer: 90% discount on luxury watches and electronics. Limited stock available: http://discount-store496.xyz/shop
ham,Here is the shared project document: https://docs.google.com/document/d/projSneha - please review.
ham,Your flight booking reference Vikram from Mumbai to Delhi is confirmed for departure at 6.
spam,Part-time job offer: Earn Rs. 2000 to Rs. 6000 daily from home by simply liking YouTube videos! Contact on WhatsApp +1 (555) 349-7079361785 now.
spam,Your parcel delivery has failed due to missing street address. Update your address within 12 hours: http://courier-address-fix8164204985.top or call driver +91-756.
ham,Can you share Rahul's contact number with me?
spam,Security Alert! Unauthorized login attempt detected from IP 880. Confirm your password here: http://6094489/account/update
spam,"Dear Customer, you received a tax refund of Rs. 52. Submit your bank credentials to deposit: https://incometax-refund-portal536903.org/claim"
spam,Your parcel delivery has failed due to missing street address. Update your address within 12 hours: http://courier-address-fix8223382064.top or call driver +91-906.
spam,"Dear customer, your loan of Rs. 3,50,000 is approved at 2% interest rate. No CIBIL score required. Call loan officer at +91-8410230373 to disburse funds."
ham,Your flight booking reference Amit from Mumbai to Delhi is confirmed for departure at 3.
spam,FINAL WARNING: Your email account will be permanently deactivated within 24 hours. Click to reactivate: https://mail-security-desk815.net/verify
ham,"Please pick up the phone, need to ask you something urgent."
ham,"Call me urgently, it is important."
spam,Security Alert! Unauthorized login attempt detected from IP 126. Confirm your password here: http://1449806/account/update
ham,"Dear Customer, your A/C ending 3071 is credited with Rs. 673021 on 7432. Avail Bal: Rs. 55749. - SBI"
spam,"Dear customer, your loan of Rs. 3,50,000 is approved at 2% interest rate. No CIBIL score required. Call loan officer at +91-8203570771 to disburse funds."
ham,"Dear Customer, your A/C ending 4739 is credited with Rs. 937687 on 7994. Avail Bal: Rs. 48518. - SBI"
spam,"Dear Customer, you received a tax refund of Rs. 10. Submit your bank credentials to deposit: https://incometax-refund-portal4906785.org/claim"
ham,Your package with tracking #1058 will be delivered today by courier. Contact delivery associate at +91 98324904 to coordinate.
ham,Hey are you coming to class today? Professor is taking attendance.
ham,Your order from Zomato is on its way. Delivery partner is moving towards your location.
ham,Here are the notes and action items from yesterday's discussion with the client.
ham,"Hey bro, call me urgently at +91-Amit when you are free, need your help."
spam,"Dear SBI user, your YONO account has been blocked due to unverified PAN card. Please update immediately: http://bit.ly/sbi-yono-update7947434410 or call +91-733."
spam,"Dear Customer, you received a tax refund of Rs. 807. Submit your bank credentials to deposit: https://incometax-refund-portal4255240.org/claim"
spam,Congratulations! You have won Rs. 306 in the international lottery. Claim your reward now: http://claim-prize2754225.xyz/bonus
spam,Congratulations! You have won Rs. 920 in the international lottery. Claim your reward now: http://claim-prize6558969.xyz/bonus
ham,Watch this funny clip: https://youtu.be/Rahul
spam,"Dear Customer, you received a tax refund of Rs. 84. Submit your bank credentials to deposit: https://incometax-refund-portal534748.org/claim"
spam,Your parcel delivery has failed due to missing street address. Update your address within 12 hours: http://courier-address-fix8242908524.top or call driver +91-392.
ham,Can you share Sneha's contact number with me?
ham,"Hi all, please note the office will remain closed on Monday on account of public holiday."
ham,Your OTP for online transaction of Rs. 8218 at Amazon is 129048. Valid for 10 mins. Do not share OTP with anyone. - HDFC Bank
ham,Please find attached the project status report for QTanvi review. Let me know your thoughts.
ham,Watch this funny clip: https://youtu.be/Kavita
ham,Can you share the assignment PDF with me?
spam,Part-time job offer: Earn Rs. 2000 to Rs. 6000 daily from home by simply liking YouTube videos! Contact on WhatsApp +1 (555) 349-8490228289 now.
ham,"Hey Amit, can you send me Rs. 7689151776 on GPay? Will return it tomorrow."
ham,"Hi Kavita, could you review the pull request for the authentication module when you have a moment?"
spam,Crypto Alert: Deposit 0.1 BTC and receive 1.0 BTC within 24 hours guaranteed! Join: http://crypto-doubler218.top/invest
ham,"Hi Rohan, could you review the pull request for the authentication module when you have a moment?"
spam,Security Alert! Unauthorized login attempt detected from IP 214. Confirm your password here: http://2826266/account/update
spam,Part-time job offer: Earn Rs. 2000 to Rs. 6000 daily from home by simply liking YouTube videos! Contact on WhatsApp +1 (555) 349-7640721405 now.
ham,"Bro, did you complete the homework for tomorrow's class?"
ham,Your monthly mobile postpaid bill of Rs. 8521 is due on 634448. Pay via Airtel Thanks App to avoid late charges.
ham,Check this out: https://youtube.com/watch?v=Amit
ham,Please find attached the project status report for QPriya review. Let me know your thoughts.
ham,"Dear customer, cash withdrawal of Rs. 7735 from ATM at 637545 was successful. - ICICI Bank"
ham,Your flight booking reference Sneha from Mumbai to Delhi is confirmed for departure at 7.
ham,Can you send the lecture notes from yesterday?
ham,Are you free tonight? Let's go to that cafe.
spam,"Dear SBI user, your YONO account has been blocked due to unverified PAN card. Please update immediately: http://bit.ly/sbi-yono-update7494973738 or call +91-302."
ham,Read this article when free: https://wikipedia.org/wiki/TopicTanvi
ham,Your monthly mobile postpaid bill of Rs. 576 is due on 895156. Pay via Airtel Thanks App to avoid late charges.
spam,"Dear customer, your loan of Rs. 3,50,000 is approved at 2% interest rate. No CIBIL score required. Call loan officer at +91-7469756551 to disburse funds."
spam,Crypto Alert: Deposit 0.1 BTC and receive 1.0 BTC within 24 hours guaranteed! Join: http://crypto-doubler54.top/invest
spam,"Dear Customer, you received a tax refund of Rs. 791. Submit your bank credentials to deposit: https://incometax-refund-portal8856554.org/claim"
ham,Check this GitHub repository for the code implementation: https://github.com/team-dev/repoAnanya
spam,Part-time job offer: Earn Rs. 2000 to Rs. 6000 daily from home by simply liking YouTube videos! Contact on WhatsApp +1 (555) 349-8172748164 now.
ham,"Congratulations on getting the job offer, so proud of you!"
spam,"Dear Customer, you received a tax refund of Rs. 645. Submit your bank credentials to deposit: https://incometax-refund-portal7525172.org/claim"
spam,URGENT: Your bank account has been temporarily locked due to suspicious activity. Verify immediately: https://secure-bank-verify810.com/login
ham,Are you free tonight? Let's go to that cafe.
ham,Check this out: https://youtube.com/watch?v=Soham
spam,FINAL WARNING: Your email account will be permanently deactivated within 24 hours. Click to reactivate: https://mail-security-desk423.net/verify
spam,Congratulations! You have won Rs. 678 in the international lottery. Claim your reward now: http://claim-prize2888919.xyz/bonus
ham,Read this article when free: https://wikipedia.org/wiki/TopicAditya
spam,"Credit card limit increased to Rs. 5,00,000 without income proof! Claim your pre-approved card now: http://card-upgrade8353982318.xyz or WhatsApp +91-170."
ham,"Sorry for the late reply bro, was stuck in heavy traffic."
spam,"Congratulations! Your mobile number has won Rs. 25,00,000 in KBC All India Lucky Draw. Call executive at +91-8825960213 to claim your prize cheque."
ham,Here is the shared project document: https://docs.google.com/document/d/projTanvi - please review.
spam,Your parcel delivery has failed due to missing street address. Update your address within 12 hours: http://courier-address-fix7669512365.top or call driver +91-218.
ham,Sent you Rs. Sameer on PhonePe for yesterday's dinner bill.
ham,Your cab driver 5880 (+91 97403736) has arrived at your pickup location. PIN is 3492.
spam,"Credit card limit increased to Rs. 5,00,000 without income proof! Claim your pre-approved card now: http://card-upgrade9806284452.xyz or WhatsApp +91-481."
ham,Please find attached the project status report for QSneha review. Let me know your thoughts.
spam,Part-time job offer: Earn Rs. 2000 to Rs. 6000 daily from home by simply liking YouTube videos! Contact on WhatsApp +1 (555) 349-7646022463 now.
ham,"Hi Vikram, could you review the pull request for the authentication module when you have a moment?"
ham,"Sorry for the late reply bro, was stuck in heavy traffic."
spam,Congratulations! You have won Rs. 986 in the international lottery. Claim your reward now: http://claim-prize9017551.xyz/bonus
spam,Congratulations! You have won Rs. 740 in the international lottery. Claim your reward now: http://claim-prize8156999.xyz/bonus
spam,URGENT: Your SIM card KYC is incomplete. Your outgoing calls will be stopped in 24 hrs. Call customer care helpline at 1800-8996451995 or +91-579 immediately.
ham,Your cab driver 6072 (+91 97788083) has arrived at your pickup location. PIN is 4532.
spam,Security Alert! Unauthorized login attempt detected from IP 988. Confirm your password here: http://9550573/account/update
spam,"Congratulations! Your mobile number has won Rs. 25,00,000 in KBC All India Lucky Draw. Call executive at +91-8127726139 to claim your prize cheque."
spam,You have 1 new unread secure message from Payroll Department. Access document: https://payroll-update165.com/login.php
ham,Your package with tracking #3403 will be delivered today by courier. Contact delivery associate at +91 98624452 to coordinate.
ham,Here is the shared project document: https://docs.google.com/document/d/projSoham - please review.
ham,Your cab driver 14714 (+91 97934249) has arrived at your pickup location. PIN is 3507.
ham,Your flight booking reference Soham from Mumbai to Delhi is confirmed for departure at 1.
ham,Your OTP for online transaction of Rs. 14408 at Amazon is 626774. Valid for 10 mins. Do not share OTP with anyone. - HDFC Bank
spam,Earn $5000 weekly working from home with no experience needed! Sign up today: http://quick-cash-scheme179.biz/register
ham,Your cab driver 3173 (+91 97886925) has arrived at your pickup location. PIN is 3421.
ham,"Dear Sneha, your monthly bank statement for account ending in 8 is ready for viewing in your portal."
ham,Please submit your semester assignment before Friday 5:00 PM on the university portal.
ham,Are you free tonight? Let's go to that cafe.
ham,Your OTP for online transaction of Rs. 7364 at Amazon is 193313. Valid for 10 mins. Do not share OTP with anyone. - HDFC Bank
ham,"Split the cab fare on UPI, your share is Rs. Rohan."
spam,Security Alert! Unauthorized login attempt detected from IP 334. Confirm your password here: http://4104812/account/update
ham,"I lost my phone, this is my new temporary number +91-Soham, save it."
ham,Your cab driver 2392 (+91 97415391) has arrived at your pickup location. PIN is 1326.
spam,"Dear consumer, your electricity power will be disconnected tonight at 9:30 PM because your previous month bill was not updated. Please call our electricity officer at +91-7882571078 immediately."
spam,"Dear Customer, you received a tax refund of Rs. 512. Submit your bank credentials to deposit: https://incometax-refund-portal1818567.org/claim"
spam,Congratulations! You have won Rs. 690 in the international lottery. Claim your reward now: http://claim-prize3797223.xyz/bonus
spam,URGENT: Your bank account has been temporarily locked due to suspicious activity. Verify immediately: https://secure-bank-verify192.com/login
ham,Thank you for your order #Sameer. Your package has been dispatched and will arrive by 12.
ham,"I lost my phone, this is my new temporary number +91-Kavita, save it."
spam,"Dear Customer, you received a tax refund of Rs. 421. Submit your bank credentials to deposit: https://incometax-refund-portal1827522.org/claim"
ham,"Call me urgently, it is important."
ham,Your order from Zomato is on its way. Delivery partner is moving towards your location.
spam,FINAL WARNING: Your email account will be permanently deactivated within 24 hours. Click to reactivate: https://mail-security-desk32.net/verify
spam,Your parcel delivery has failed due to missing street address. Update your address within 12 hours: http://courier-address-fix8828046522.top or call driver +91-625.
spam,Earn $5000 weekly working from home with no experience needed! Sign up today: http://quick-cash-scheme726.biz/register
spam,"Credit card limit increased to Rs. 5,00,000 without income proof! Claim your pre-approved card now: http://card-upgrade9611329185.xyz or WhatsApp +91-774."
spam,Earn $5000 weekly working from home with no experience needed! Sign up today: http://quick-cash-scheme82.biz/register
ham,Your flight booking reference Amit from Mumbai to Delhi is confirmed for departure at 11.
spam,URGENT: Your bank account has been temporarily locked due to suspicious activity. Verify immediately: https://secure-bank-verify547.com/login
ham,"Hi Kavita, let's catch up for lunch today around 1:00 PM if you're free."
ham,"Good morning, here is the updated presentation deck for our team demonstration."
ham,"Hey Priya, I have reached the restaurant. Let me know when you arrive."
spam,You have 1 new unread secure message from Payroll Department. Access document: https://payroll-update269.com/login.php
ham,"Hi Sameer, let's catch up for lunch today around 1:00 PM if you're free."
ham,"Hey Amit, I have reached the restaurant. Let me know when you arrive."
spam,"Congratulations! Your mobile number has won Rs. 25,00,000 in KBC All India Lucky Draw. Call executive at +91-7709268871 to claim your prize cheque."
spam,Congratulations! You have won Rs. 391 in the international lottery. Claim your reward now: http://claim-prize5592181.xyz/bonus
spam,"Dear Customer, you received a tax refund of Rs. 269. Submit your bank credentials to deposit: https://incometax-refund-portal579398.org/claim"
ham,Are you awake? Give me a quick ring when you see this.
ham,Thanks for your help with the bug in the code earlier.
ham,"Bhai, call me at +91-Sneha as soon as possible."
spam,Earn $5000 weekly working from home with no experience needed! Sign up today: http://quick-cash-scheme544.biz/register
ham,Can you pay Rs. Kavita for the pizza? I will give you cash tonight.
spam,Part-time job offer: Earn Rs. 2000 to Rs. 6000 daily from home by simply liking YouTube videos! Contact on WhatsApp +1 (555) 349-8188076559 now.
ham,"Dear Customer, your A/C ending 10257 is credited with Rs. 580756 on 9036. Avail Bal: Rs. 73001. - SBI"
spam,"Dear customer, your loan of Rs. 3,50,000 is approved at 2% interest rate. No CIBIL score required. Call loan officer at +91-7071140008 to disburse funds."
spam,Part-time job offer: Earn Rs. 2000 to Rs. 6000 daily from home by simply liking YouTube videos! Contact on WhatsApp +1 (555) 349-9664318038 now.
ham,Check this GitHub repository for the code implementation: https://github.com/team-dev/repoSameer
ham,"Dear Rohan, your monthly bank statement for account ending in 9 is ready for viewing in your portal."
spam,URGENT: Your SIM card KYC is incomplete. Your outgoing calls will be stopped in 24 hrs. Call customer care helpline at 1800-8387399153 or +91-647 immediately.
ham,"Hey bro, call me urgently at +91-Rahul when you are free, need your help."
spam,You have 1 new unread secure message from Payroll Department. Access document: https://payroll-update855.com/login.php
ham,Check this GitHub repository for the code implementation: https://github.com/team-dev/repoAditya
spam,Exclusive Offer: 90% discount on luxury watches and electronics. Limited stock available: http://discount-store365.xyz/shop
spam,Congratulations! You have won Rs. 744 in the international lottery. Claim your reward now: http://claim-prize2265680.xyz/bonus
ham,"Hi Kavita, could you review the pull request for the authentication module when you have a moment?"
spam,Security Alert! Unauthorized login attempt detected from IP 240. Confirm your password here: http://7034893/account/update
spam,URGENT: Your SIM card KYC is incomplete. Your outgoing calls will be stopped in 24 hrs. Call customer care helpline at 1800-7404450910 or +91-526 immediately.
spam,"Dear consumer, your electricity power will be disconnected tonight at 9:30 PM because your previous month bill was not updated. Please call our electricity officer at +91-9959379499 immediately."
ham,"Hey dad, reached the station safely, booking cab now."
ham,Your package with tracking #12007 will be delivered today by courier. Contact delivery associate at +91 98494896 to coordinate.
spam,"Dear consumer, your electricity power will be disconnected tonight at 9:30 PM because your previous month bill was not updated. Please call our electricity officer at +91-9050348848 immediately."
spam,Congratulations! You have won Rs. 521 in the international lottery. Claim your reward now: http://claim-prize2406297.xyz/bonus
ham,Your package with tracking #4854 will be delivered today by courier. Contact delivery associate at +91 98178139 to coordinate.
spam,Crypto Alert: Deposit 0.1 BTC and receive 1.0 BTC within 24 hours guaranteed! Join: http://crypto-doubler750.top/invest
ham,Thanks for your help with the bug in the code earlier.
ham,Hey are you coming to class today? Professor is taking attendance.
spam,"Dear SBI user, your YONO account has been blocked due to unverified PAN card. Please update immediately: http://bit.ly/sbi-yono-update8640779783 or call +91-219."
ham,"Bro, did you complete the homework for tomorrow's class?"
spam,"Credit card limit increased to Rs. 5,00,000 without income proof! Claim your pre-approved card now: http://card-upgrade8194607783.xyz or WhatsApp +91-106."
ham,Reminder: Your doctor appointment is scheduled for tomorrow at 6283 PM at City Clinic.
spam,Exclusive Offer: 90% discount on luxury watches and electronics. Limited stock available: http://discount-store465.xyz/shop
spam,"Dear consumer, your electricity power will be disconnected tonight at 9:30 PM because your previous month bill was not updated. Please call our electricity officer at +91-8633857595 immediately."
spam,Your parcel delivery has failed due to missing street address. Update your address within 12 hours: http://courier-address-fix7458346035.top or call driver +91-168.
ham,Here are the notes and action items from yesterday's discussion with the client.
spam,Congratulations! You have won Rs. 500 in the international lottery. Claim your reward now: http://claim-prize9463847.xyz/bonus
spam,"Dear Customer, you received a tax refund of Rs. 977. Submit your bank credentials to deposit: https://incometax-refund-portal8618359.org/claim"
spam,"Dear Customer, you received a tax refund of Rs. 366. Submit your bank credentials to deposit: https://incometax-refund-portal6011552.org/claim"
spam,Part-time job offer: Earn Rs. 2000 to Rs. 6000 daily from home by simply liking YouTube videos! Contact on WhatsApp +1 (555) 349-7293287114 now.
ham,Your order from Zomato is on its way. Delivery partner is moving towards your location.
ham,"I lost my phone, this is my new temporary number +91-Rahul, save it."
spam,Your parcel delivery has failed due to missing street address. Update your address within 12 hours: http://courier-address-fix7238227761.top or call driver +91-287.
ham,Happy birthday bro! Have an awesome year ahead!
ham,Here are the notes and action items from yesterday's discussion with the client.
spam,Your parcel delivery has failed due to missing street address. Update your address within 12 hours: http://courier-address-fix8599620887.top or call driver +91-582.
spam,URGENT: Your SIM card KYC is incomplete. Your outgoing calls will be stopped in 24 hrs. Call customer care helpline at 1800-8267215213 or +91-880 immediately.
ham,Please find attached the project status report for QAditya review. Let me know your thoughts.
ham,"Bro, did you complete the homework for tomorrow's class?"
spam,Your parcel delivery has failed due to missing street address. Update your address within 12 hours: http://courier-address-fix9611208081.top or call driver +91-776.
ham,"Sorry for the late reply bro, was stuck in heavy traffic."
spam,Security Alert! Unauthorized login attempt detected from IP 592. Confirm your password here: http://2784346/account/update
ham,"Split the cab fare on UPI, your share is Rs. Priya."
ham,Your cab driver 2031 (+91 97919791) has arrived at your pickup location. PIN is 1312.
ham,"Dear customer, cash withdrawal of Rs. 393 from ATM at 170802 was successful. - ICICI Bank"
spam,Earn $5000 weekly working from home with no experience needed! Sign up today: http://quick-cash-scheme628.biz/register
spam,"Dear customer, your loan of Rs. 3,50,000 is approved at 2% interest rate. No CIBIL score required. Call loan officer at +91-8997460734 to disburse funds."
spam,FINAL WARNING: Your email account will be permanently deactivated within 24 hours. Click to reactivate: https://mail-security-desk47.net/verify
ham,Are you awake? Give me a quick ring when you see this.
ham,Hey are you coming to class today? Professor is taking attendance.
spam,URGENT: Your SIM card KYC is incomplete. Your outgoing calls will be stopped in 24 hrs. Call customer care helpline at 1800-7659425109 or +91-329 immediately.
spam,Security Alert! Unauthorized login attempt detected from IP 659. Confirm your password here: http://5962078/account/update
spam,Your pending invoice #585.pdf is ready for download. Click here: https://billing-doc4340675.com/invoice.exe
spam,"Dear customer, your loan of Rs. 3,50,000 is approved at 2% interest rate. No CIBIL score required. Call loan officer at +91-8642741615 to disburse funds."
spam,Your parcel delivery has failed due to missing street address. Update your address within 12 hours: http://courier-address-fix7108714579.top or call driver +91-975.
spam,"Dear SBI user, your YONO account has been blocked due to unverified PAN card. Please update immediately: http://bit.ly/sbi-yono-update7795817470 or call +91-825."
ham,Your OTP for online transaction of Rs. 12841 at Amazon is 990331. Valid for 10 mins. Do not share OTP with anyone. - HDFC Bank
ham,Reminder: Your doctor appointment is scheduled for tomorrow at 4230 PM at City Clinic.
spam,"Dear customer, your loan of Rs. 3,50,000 is approved at 2% interest rate. No CIBIL score required. Call loan officer at +91-9341205185 to disburse funds."
spam,Exclusive Offer: 90% discount on luxury watches and electronics. Limited stock available: http://discount-store57.xyz/shop
ham,Your cab driver 8429 (+91 97744054) has arrived at your pickup location. PIN is 9492.
ham,"Hi all, please note the office will remain closed on Monday on account of public holiday."
ham,"Please pick up the phone, need to ask you something urgent."
ham,Your monthly mobile postpaid bill of Rs. 11649 is due on 296505. Pay via Airtel Thanks App to avoid late charges.
spam,Your pending invoice #577.pdf is ready for download. Click here: https://billing-doc3501001.com/invoice.exe
spam,"Credit card limit increased to Rs. 5,00,000 without income proof! Claim your pre-approved card now: http://card-upgrade7980661299.xyz or WhatsApp +91-759."
ham,Your flight booking reference Tanvi from Mumbai to Delhi is confirmed for departure at 12.
ham,Reminder: The weekly engineering standup will start in 15 minutes on Google Meet.
spam,Earn $5000 weekly working from home with no experience needed! Sign up today: http://quick-cash-scheme774.biz/register
ham,Here are the notes and action items from yesterday's discussion with the client.
spam,You have 1 new unread secure message from Payroll Department. Access document: https://payroll-update614.com/login.php
spam,Security Alert! Unauthorized login attempt detected from IP 939. Confirm your password here: http://8559071/account/update
spam,Congratulations! You have won Rs. 834 in the international lottery. Claim your reward now: http://claim-prize7623936.xyz/bonus
spam,URGENT: Your bank account has been temporarily locked due to suspicious activity. Verify immediately: https://secure-bank-verify956.com/login
ham,Your order from Zomato is on its way. Delivery partner is moving towards your location.
spam,Earn $5000 weekly working from home with no experience needed! Sign up today: http://quick-cash-scheme35.biz/register
spam,You have 1 new unread secure message from Payroll Department. Access document: https://payroll-update801.com/login.php
ham,Thank you for your order #Rahul. Your package has been dispatched and will arrive by 11.
spam,Your pending invoice #571.pdf is ready for download. Click here: https://billing-doc2155858.com/invoice.exe
ham,Are you awake? Give me a quick ring when you see this.
spam,Security Alert! Unauthorized login attempt detected from IP 448. Confirm your password here: http://2607484/account/update
spam,Crypto Alert: Deposit 0.1 BTC and receive 1.0 BTC within 24 hours guaranteed! Join: http://crypto-doubler353.top/invest
ham,Reminder: The weekly engineering standup will start in 15 minutes on Google Meet.
ham,Reminder: Your doctor appointment is scheduled for tomorrow at 2330 PM at City Clinic.
ham,Your monthly mobile postpaid bill of Rs. 3518 is due on 355840. Pay via Airtel Thanks App to avoid late charges.
ham,Your appointment with Dr. Sharma has been booked for tomorrow at 4:30 PM.
ham,Your order from Zomato is on its way. Delivery partner is moving towards your location.
ham,Your cab driver 8570 (+91 97382650) has arrived at your pickup location. PIN is 3056.
ham,"Please pick up the phone, need to ask you something urgent."
spam,"Dear customer, your loan of Rs. 3,50,000 is approved at 2% interest rate. No CIBIL score required. Call loan officer at +91-7405459673 to disburse funds."
spam,"Credit card limit increased to Rs. 5,00,000 without income proof! Claim your pre-approved card now: http://card-upgrade9227222942.xyz or WhatsApp +91-437."
spam,Your parcel delivery has failed due to missing street address. Update your address within 12 hours: http://courier-address-fix7301938081.top or call driver +91-336.
spam,Exclusive Offer: 90% discount on luxury watches and electronics. Limited stock available: http://discount-store97.xyz/shop
ham,"Dear customer, cash withdrawal of Rs. 2134 from ATM at 417393 was successful. - ICICI Bank"
ham,"Dear customer, cash withdrawal of Rs. 14345 from ATM at 854959 was successful. - ICICI Bank"
ham,Your package with tracking #12258 will be delivered today by courier. Contact delivery associate at +91 98149204 to coordinate.
spam,Exclusive Offer: 90% discount on luxury watches and electronics. Limited stock available: http://discount-store773.xyz/shop
ham,Watch this funny clip: https://youtu.be/Tanvi
ham,Thanks for your help with the bug in the code earlier.
spam,URGENT: Your SIM card KYC is incomplete. Your outgoing calls will be stopped in 24 hrs. Call customer care helpline at 1800-9882302304 or +91-508 immediately.
ham,Read this article when free: https://wikipedia.org/wiki/TopicAditya
ham,"Hi Amit, can we reschedule our meeting to tomorrow at 11 PM? Thanks."
spam,Congratulations! You have won Rs. 221 in the international lottery. Claim your reward now: http://claim-prize4901591.xyz/bonus
spam,Your pending invoice #668.pdf is ready for download. Click here: https://billing-doc587811.com/invoice.exe
ham,Your package with tracking #7495 will be delivered today by courier. Contact delivery associate at +91 98742845 to coordinate.
spam,Part-time job offer: Earn Rs. 2000 to Rs. 6000 daily from home by simply liking YouTube videos! Contact on WhatsApp +1 (555) 349-7980952658 now.
spam,Earn $5000 weekly working from home with no experience needed! Sign up today: http://quick-cash-scheme514.biz/register
spam,"Dear consumer, your electricity power will be disconnected tonight at 9:30 PM because your previous month bill was not updated. Please call our electricity officer at +91-9443309549 immediately."
spam,"Congratulations! Your mobile number has won Rs. 25,00,000 in KBC All India Lucky Draw. Call executive at +91-8072099508 to claim your prize cheque."
ham,Please submit your semester assignment before Friday 5:00 PM on the university portal.
spam,"Dear customer, your loan of Rs. 3,50,000 is approved at 2% interest rate. No CIBIL score required. Call loan officer at +91-8906578834 to disburse funds."
spam,Crypto Alert: Deposit 0.1 BTC and receive 1.0 BTC within 24 hours guaranteed! Join: http://crypto-doubler917.top/invest
ham,Your monthly mobile postpaid bill of Rs. 11224 is due on 905866. Pay via Airtel Thanks App to avoid late charges.
ham,Thank you for your order #Vikram. Your package has been dispatched and will arrive by 2.
ham,"Hi Tanvi, could you review the pull request for the authentication module when you have a moment?"
ham,Your package with tracking #8186 will be delivered today by courier. Contact delivery associate at +91 98831749 to coordinate.
spam,Your parcel delivery has failed due to missing street address. Update your address within 12 hours: http://courier-address-fix7223297636.top or call driver +91-215.
spam,Your parcel delivery has failed due to missing street address. Update your address within 12 hours: http://courier-address-fix9873821478.top or call driver +91-229.
ham,Are you awake? Give me a quick ring when you see this.
ham,Your OTP for online transaction of Rs. 14231 at Amazon is 667011. Valid for 10 mins. Do not share OTP with anyone. - HDFC Bank
spam,Part-time job offer: Earn Rs. 2000 to Rs. 6000 daily from home by simply liking YouTube videos! Contact on WhatsApp +1 (555) 349-9690931010 now.
spam,Your parcel delivery has failed due to missing street address. Update your address within 12 hours: http://courier-address-fix9182017686.top or call driver +91-226.
ham,"Hi Vikram, let's catch up for lunch today around 1:00 PM if you're free."
spam,Your parcel delivery has failed due to missing street address. Update your address within 12 hours: http://courier-address-fix9783222599.top or call driver +91-607.
ham,"Sorry for the late reply bro, was stuck in heavy traffic."
spam,Part-time job offer: Earn Rs. 2000 to Rs. 6000 daily from home by simply liking YouTube videos! Contact on WhatsApp +1 (555) 349-7650814707 now.
ham,Your OTP for online transaction of Rs. 13721 at Amazon is 192503. Valid for 10 mins. Do not share OTP with anyone. - HDFC Bank
ham,"Hey dude, what time does the match start today?"
spam,URGENT: Your SIM card KYC is incomplete. Your outgoing calls will be stopped in 24 hrs. Call customer care helpline at 1800-9727855518 or +91-280 immediately.
ham,"Hi Soham, can we reschedule our meeting to tomorrow at 6 PM? Thanks."
spam,"Credit card limit increased to Rs. 5,00,000 without income proof! Claim your pre-approved card now: http://card-upgrade7061895117.xyz or WhatsApp +91-116."
spam,"Credit card limit increased to Rs. 5,00,000 without income proof! Claim your pre-approved card now: http://card-upgrade9067033567.xyz or WhatsApp +91-861."
spam,FINAL WARNING: Your email account will be permanently deactivated within 24 hours. Click to reactivate: https://mail-security-desk935.net/verify
ham,Are you free tonight? Let's go to that cafe.
spam,"Credit card limit increased to Rs. 5,00,000 without income proof! Claim your pre-approved card now: http://card-upgrade9981823048.xyz or WhatsApp +91-368."
ham,"Dear Amit, your monthly bank statement for account ending in 9 is ready for viewing in your portal."
spam,Your pending invoice #67.pdf is ready for download. Click here: https://billing-doc3864163.com/invoice.exe
ham,Your appointment with Dr. Sharma has been booked for tomorrow at 4:30 PM.
spam,"Dear Customer, you received a tax refund of Rs. 777. Submit your bank credentials to deposit: https://incometax-refund-portal2967413.org/claim"
ham,"Dear Customer, your A/C ending 415 is credited with Rs. 135638 on 7767. Avail Bal: Rs. 46686. - SBI"
ham,Your OTP for online transaction of Rs. 3298 at Amazon is 756206. Valid for 10 mins. Do not share OTP with anyone. - HDFC Bank
spam,Earn $5000 weekly working from home with no experience needed! Sign up today: http://quick-cash-scheme250.biz/register
spam,Earn $5000 weekly working from home with no experience needed! Sign up today: http://quick-cash-scheme477.biz/register
spam,"Dear Customer, you received a tax refund of Rs. 644. Submit your bank credentials to deposit: https://incometax-refund-portal4298142.org/claim"
ham,Here is the shared project document: https://docs.google.com/document/d/projRahul - please review.
ham,"Hi Tanvi, can we reschedule our meeting to tomorrow at 8 PM? Thanks."
spam,"Dear SBI user, your YONO account has been blocked due to unverified PAN card. Please update immediately: http://bit.ly/sbi-yono-update9920442163 or call +91-427."
ham,"Hey Rohan, can you send me Rs. 9168889124 on GPay? Will return it tomorrow."
spam,URGENT: Your SIM card KYC is incomplete. Your outgoing calls will be stopped in 24 hrs. Call customer care helpline at 1800-9092074927 or +91-763 immediately.
spam,Congratulations! You have won Rs. 415 in the international lottery. Claim your reward now: http://claim-prize6460074.xyz/bonus
ham,"Dear Customer, your A/C ending 9124 is credited with Rs. 603222 on 1017. Avail Bal: Rs. 55546. - SBI"
spam,Earn $5000 weekly working from home with no experience needed! Sign up today: http://quick-cash-scheme855.biz/register
ham,Can you share Rohan's contact number with me?
ham,Here is the shared project document: https://docs.google.com/document/d/projAnanya - please review.
ham,Bhai where are you? Waiting outside the metro station.
ham,"Bro, did you complete the homework for tomorrow's class?"
ham,Check this GitHub repository for the code implementation: https://github.com/team-dev/repoRohan
spam,URGENT: Your SIM card KYC is incomplete. Your outgoing calls will be stopped in 24 hrs. Call customer care helpline at 1800-9084918138 or +91-719 immediately.
ham,Can you transfer money for movie tickets? My UPI is not working.
ham,Your package with tracking #10105 will be delivered today by courier. Contact delivery associate at +91 98820590 to coordinate.
ham,Your OTP for online transaction of Rs. 8961 at Amazon is 163314. Valid for 10 mins. Do not share OTP with anyone. - HDFC Bank
spam,Crypto Alert: Deposit 0.1 BTC and receive 1.0 BTC within 24 hours guaranteed! Join: http://crypto-doubler575.top/invest
spam,"Dear SBI user, your YONO account has been blocked due to unverified PAN card. Please update immediately: http://bit.ly/sbi-yono-update8815047063 or call +91-405."
spam,Crypto Alert: Deposit 0.1 BTC and receive 1.0 BTC within 24 hours guaranteed! Join: http://crypto-doubler612.top/invest
ham,Your package with tracking #6209 will be delivered today by courier. Contact delivery associate at +91 98926605 to coordinate.
ham,Your OTP for online transaction of Rs. 6828 at Amazon is 694601. Valid for 10 mins. Do not share OTP with anyone. - HDFC Bank
spam,Security Alert! Unauthorized login attempt detected from IP 311. Confirm your password here: http://6368708/account/update
ham,Happy birthday bro! Have an awesome year ahead!
spam,Your parcel delivery has failed due to missing street address. Update your address within 12 hours: http://courier-address-fix8174279531.top or call driver +91-382.
spam,"Dear consumer, your electricity power will be disconnected tonight at 9:30 PM because your previous month bill was not updated. Please call our electricity officer at +91-7987374045 immediately."
ham,"Hi Amit, let's catch up for lunch today around 1:00 PM if you're free."
spam,Earn $5000 weekly working from home with no experience needed! Sign up today: http://quick-cash-scheme896.biz/register
ham,Sent you Rs. Ananya on PhonePe for yesterday's dinner bill.
spam,Your parcel delivery has failed due to missing street address. Update your address within 12 hours: http://courier-address-fix9818443307.top or call driver +91-795.
ham,"Please pick up the phone, need to ask you something urgent."
ham,Please submit your semester assignment before Friday 5:00 PM on the university portal.
ham,"Dear customer, cash withdrawal of Rs. 11734 from ATM at 133228 was successful. - ICICI Bank"
spam,Crypto Alert: Deposit 0.1 BTC and receive 1.0 BTC within 24 hours guaranteed! Join: http://crypto-doubler866.top/invest
ham,Your OTP for online transaction of Rs. 3271 at Amazon is 211577. Valid for 10 mins. Do not share OTP with anyone. - HDFC Bank
ham,Watch this funny clip: https://youtu.be/Rahul
ham,Thank you for your order #Sneha. Your package has been dispatched and will arrive by 6.
ham,Reminder: The weekly engineering standup will start in 15 minutes on Google Meet.
ham,Reminder: The weekly engineering standup will start in 15 minutes on Google Meet.
spam,Crypto Alert: Deposit 0.1 BTC and receive 1.0 BTC within 24 hours guaranteed! Join: http://crypto-doubler214.top/invest
spam,"Dear customer, your loan of Rs. 3,50,000 is approved at 2% interest rate. No CIBIL score required. Call loan officer at +91-7181934450 to disburse funds."
ham,"Dear Amit, your monthly bank statement for account ending in 5 is ready for viewing in your portal."
ham,Receipt for your recent payment of Rs. Sneha to Electric Utility Services.
ham,Reminder: Your doctor appointment is scheduled for tomorrow at 14267 PM at City Clinic.
ham,"Hey Sameer, can you send me Rs. 8139925008 on GPay? Will return it tomorrow."
spam,Crypto Alert: Deposit 0.1 BTC and receive 1.0 BTC within 24 hours guaranteed! Join: http://crypto-doubler177.top/invest
ham,"Hi Tanvi, can we reschedule our meeting to tomorrow at 4 PM? Thanks."
ham,"Hey dad, reached the station safely, booking cab now."
ham,Reminder: Your doctor appointment is scheduled for tomorrow at 8774 PM at City Clinic.
spam,URGENT: Your bank account has been temporarily locked due to suspicious activity. Verify immediately: https://secure-bank-verify524.com/login
spam,"Dear consumer, your electricity power will be disconnected tonight at 9:30 PM because your previous month bill was not updated. Please call our electricity officer at +91-7423259550 immediately."
spam,URGENT: Your SIM card KYC is incomplete. Your outgoing calls will be stopped in 24 hrs. Call customer care helpline at 1800-7490748909 or +91-894 immediately.
ham,Your package with tracking #5026 will be delivered today by courier. Contact delivery associate at +91 98612830 to coordinate.
spam,URGENT: Your SIM card KYC is incomplete. Your outgoing calls will be stopped in 24 hrs. Call customer care helpline at 1800-7023874597 or +91-493 immediately.
ham,Your package with tracking #10914 will be delivered today by courier. Contact delivery associate at +91 98483956 to coordinate.
ham,Are you awake? Give me a quick ring when you see this.
ham,Are you free tonight? Let's go to that cafe.
spam,Crypto Alert: Deposit 0.1 BTC and receive 1.0 BTC within 24 hours guaranteed! Join: http://crypto-doubler941.top/invest
spam,URGENT: Your SIM card KYC is incomplete. Your outgoing calls will be stopped in 24 hrs. Call customer care helpline at 1800-7845977378 or +91-941 immediately.
ham,"I lost my phone, this is my new temporary number +91-Rahul, save it."
ham,Your OTP for online transaction of Rs. 11491 at Amazon is 619860. Valid for 10 mins. Do not share OTP with anyone. - HDFC Bank
spam,Your pending invoice #355.pdf is ready for download. Click here: https://billing-doc8068899.com/invoice.exe
ham,Read this article when free: https://wikipedia.org/wiki/TopicSneha
spam,Exclusive Offer: 90% discount on luxury watches and electronics. Limited stock available: http://discount-store254.xyz/shop
spam,Part-time job offer: Earn Rs. 2000 to Rs. 6000 daily from home by simply liking YouTube videos! Contact on WhatsApp +1 (555) 349-7809940377 now.
ham,"Hi Sneha, let's catch up for lunch today around 1:00 PM if you're free."
ham,"Dear customer, cash withdrawal of Rs. 5052 from ATM at 441535 was successful. - ICICI Bank"
ham,Your package with tracking #14322 will be delivered today by courier. Contact delivery associate at +91 98866029 to coordinate.
spam,"Dear customer, your loan of Rs. 3,50,000 is approved at 2% interest rate. No CIBIL score required. Call loan officer at +91-9671150545 to disburse funds."
ham,"Hi Sneha, can we reschedule our meeting to tomorrow at 9 PM? Thanks."
ham,Your cab driver 13056 (+91 97555150) has arrived at your pickup location. PIN is 4773.
ham,Your cab driver 2507 (+91 97457016) has arrived at your pickup location. PIN is 2764.
ham,Check this GitHub repository for the code implementation: https://github.com/team-dev/repoTanvi
ham,Happy birthday bro! Have an awesome year ahead!
spam,Congratulations! You have won Rs. 876 in the international lottery. Claim your reward now: http://claim-prize8304793.xyz/bonus
ham,Your cab driver 4107 (+91 97349315) has arrived at your pickup location. PIN is 8095.
spam,FINAL WARNING: Your email account will be permanently deactivated within 24 hours. Click to reactivate: https://mail-security-desk196.net/verify
spam,"Congratulations! Your mobile number has won Rs. 25,00,000 in KBC All India Lucky Draw. Call executive at +91-9503874364 to claim your prize cheque."
ham,Can you send the lecture notes from yesterday?
ham,Happy birthday bro! Have an awesome year ahead!
ham,"Bro, did you complete the homework for tomorrow's class?"
ham,"Hi Sameer, let's catch up for lunch today around 1:00 PM if you're free."
spam,Part-time job offer: Earn Rs. 2000 to Rs. 6000 daily from home by simply liking YouTube videos! Contact on WhatsApp +1 (555) 349-7106530440 now.
ham,Read this article when free: https://wikipedia.org/wiki/TopicSneha
spam,"Dear consumer, your electricity power will be disconnected tonight at 9:30 PM because your previous month bill was not updated. Please call our electricity officer at +91-7079986775 immediately."
ham,Reminder: The weekly engineering standup will start in 15 minutes on Google Meet.
spam,"Dear consumer, your electricity power will be disconnected tonight at 9:30 PM because your previous month bill was not updated. Please call our electricity officer at +91-9056734670 immediately."
ham,Thank you for your order #Amit. Your package has been dispatched and will arrive by 9.
spam,"Dear customer, your loan of Rs. 3,50,000 is approved at 2% interest rate. No CIBIL score required. Call loan officer at +91-9671188203 to disburse funds."
spam,Crypto Alert: Deposit 0.1 BTC and receive 1.0 BTC within 24 hours guaranteed! Join: http://crypto-doubler172.top/invest
ham,Your OTP for online transaction of Rs. 9370 at Amazon is 690053. Valid for 10 mins. Do not share OTP with anyone. - HDFC Bank
ham,Can you send the lecture notes from yesterday?
ham,Watch this funny clip: https://youtu.be/Sameer
spam,"Dear Customer, you received a tax refund of Rs. 135. Submit your bank credentials to deposit: https://incometax-refund-portal3379909.org/claim"
ham,"Sorry for the late reply bro, was stuck in heavy traffic."
ham,Can you share the assignment PDF with me?
ham,Are you awake? Give me a quick ring when you see this.
ham,"Hey team, the sprint planning session is confirmed for Kavita at 10:00 AM."
ham,Sent you Rs. Priya on PhonePe for yesterday's dinner bill.
ham,Thanks for your help with the bug in the code earlier.
spam,"Dear SBI user, your YONO account has been blocked due to unverified PAN card. Please update immediately: http://bit.ly/sbi-yono-update9089531586 or call +91-303."
spam,"Congratulations! Your mobile number has won Rs. 25,00,000 in KBC All India Lucky Draw. Call executive at +91-9044647694 to claim your prize cheque."
ham,Can you transfer money for movie tickets? My UPI is not working.
spam,Crypto Alert: Deposit 0.1 BTC and receive 1.0 BTC within 24 hours guaranteed! Join: http://crypto-doubler321.top/invest
spam,URGENT: Your bank account has been temporarily locked due to suspicious activity. Verify immediately: https://secure-bank-verify854.com/login
spam,URGENT: Your SIM card KYC is incomplete. Your outgoing calls will be stopped in 24 hrs. Call customer care helpline at 1800-9321311745 or +91-378 immediately.
ham,"Call me urgently, it is important."
ham,Watch this funny clip: https://youtu.be/Aditya
ham,Sent you Rs. Tanvi on PhonePe for yesterday's dinner bill.
ham,Reminder: The weekly engineering standup will start in 15 minutes on Google Meet.
ham,"Hi Rohan, let's catch up for lunch today around 1:00 PM if you're free."
spam,"Credit card limit increased to Rs. 5,00,000 without income proof! Claim your pre-approved card now: http://card-upgrade9441127802.xyz or WhatsApp +91-735."
spam,"Dear Customer, you received a tax refund of Rs. 717. Submit your bank credentials to deposit: https://incometax-refund-portal1090198.org/claim"
ham,Your order from Zomato is on its way. Delivery partner is moving towards your location.
ham,Your order from Zomato is on its way. Delivery partner is moving towards your location.
ham,Here are the notes and action items from yesterday's discussion with the client.
ham,Reminder: Your doctor appointment is scheduled for tomorrow at 3339 PM at City Clinic.
spam,You have 1 new unread secure message from Payroll Department. Access document: https://payroll-update275.com/login.php
ham,Here is the shared project document: https://docs.google.com/document/d/projAditya - please review.
ham,Your package with tracking #2745 will be delivered today by courier. Contact delivery associate at +91 98344791 to coordinate.
spam,"Dear consumer, your electricity power will be disconnected tonight at 9:30 PM because your previous month bill was not updated. Please call our electricity officer at +91-8441062274 immediately."
spam,"Dear consumer, your electricity power will be disconnected tonight at 9:30 PM because your previous month bill was not updated. Please call our electricity officer at +91-8808595774 immediately."
ham,"Hey dad, reached the station safely, booking cab now."
spam,"Dear SBI user, your YONO account has been blocked due to unverified PAN card. Please update immediately: http://bit.ly/sbi-yono-update9380906538 or call +91-724."
ham,Read this article when free: https://wikipedia.org/wiki/TopicRohan
spam,Crypto Alert: Deposit 0.1 BTC and receive 1.0 BTC within 24 hours guaranteed! Join: http://crypto-doubler443.top/invest
spam,FINAL WARNING: Your email account will be permanently deactivated within 24 hours. Click to reactivate: https://mail-security-desk77.net/verify
spam,"Dear consumer, your electricity power will be disconnected tonight at 9:30 PM because your previous month bill was not updated. Please call our electricity officer at +91-9056451260 immediately."
ham,Sent you Rs. Rahul on PhonePe for yesterday's dinner bill.
ham,"Please pick up the phone, need to ask you something urgent."
ham,Sent you Rs. Tanvi on PhonePe for yesterday's dinner bill.
spam,"Dear customer, your loan of Rs. 3,50,000 is approved at 2% interest rate. No CIBIL score required. Call loan officer at +91-9540360489 to disburse funds."
ham,Your OTP for online transaction of Rs. 14325 at Amazon is 729536. Valid for 10 mins. Do not share OTP with anyone. - HDFC Bank
ham,Your package with tracking #12653 will be delivered today by courier. Contact delivery associate at +91 98179047 to coordinate.
spam,"Dear Customer, you received a tax refund of Rs. 756. Submit your bank credentials to deposit: https://incometax-refund-portal6737568.org/claim"
spam,Your parcel delivery has failed due to missing street address. Update your address within 12 hours: http://courier-address-fix9425392289.top or call driver +91-119.
ham,Are you free tonight? Let's go to that cafe.
spam,Congratulations! You have won Rs. 93 in the international lottery. Claim your reward now: http://claim-prize5416429.xyz/bonus
ham,Your order from Zomato is on its way. Delivery partner is moving towards your location.
ham,"Hi Sameer, can we reschedule our meeting to tomorrow at 1 PM? Thanks."
spam,Part-time job offer: Earn Rs. 2000 to Rs. 6000 daily from home by simply liking YouTube videos! Contact on WhatsApp +1 (555) 349-7144187452 now.
spam,Part-time job offer: Earn Rs. 2000 to Rs. 6000 daily from home by simply liking YouTube videos! Contact on WhatsApp +1 (555) 349-7735269425 now.
ham,Your package with tracking #14728 will be delivered today by courier. Contact delivery associate at +91 98270671 to coordinate.
spam,Congratulations! You have won Rs. 498 in the international lottery. Claim your reward now: http://claim-prize1286000.xyz/bonus
spam,Your parcel delivery has failed due to missing street address. Update your address within 12 hours: http://courier-address-fix7671920732.top or call driver +91-817.
ham,Can you share the assignment PDF with me?
ham,Happy birthday bro! Have an awesome year ahead!
spam,"Credit card limit increased to Rs. 5,00,000 without income proof! Claim your pre-approved card now: http://card-upgrade7926792314.xyz or WhatsApp +91-115."
spam,Part-time job offer: Earn Rs. 2000 to Rs. 6000 daily from home by simply liking YouTube videos! Contact on WhatsApp +1 (555) 349-7134388342 now.
ham,Check this GitHub repository for the code implementation: https://github.com/team-dev/repoSameer
spam,"Congratulations! Your mobile number has won Rs. 25,00,000 in KBC All India Lucky Draw. Call executive at +91-8127001059 to claim your prize cheque."
ham,Check this GitHub repository for the code implementation: https://github.com/team-dev/repoSneha
ham,"Bhai, call me at +91-Tanvi as soon as possible."
spam,URGENT: Your SIM card KYC is incomplete. Your outgoing calls will be stopped in 24 hrs. Call customer care helpline at 1800-7092778359 or +91-884 immediately.
spam,Your parcel delivery has failed due to missing street address. Update your address within 12 hours: http://courier-address-fix8686828556.top or call driver +91-653.
spam,Your parcel delivery has failed due to missing street address. Update your address within 12 hours: http://courier-address-fix7869261521.top or call driver +91-172.
ham,"Hey Sneha, can you send me Rs. 8224705457 on GPay? Will return it tomorrow."
ham,Your monthly mobile postpaid bill of Rs. 10710 is due on 731809. Pay via Airtel Thanks App to avoid late charges.
spam,You have 1 new unread secure message from Payroll Department. Access document: https://payroll-update32.com/login.php
spam,Crypto Alert: Deposit 0.1 BTC and receive 1.0 BTC within 24 hours guaranteed! Join: http://crypto-doubler578.top/invest
ham,Your appointment with Dr. Sharma has been booked for tomorrow at 4:30 PM.
ham,"Hey Tanvi, I have reached the restaurant. Let me know when you arrive."
spam,Crypto Alert: Deposit 0.1 BTC and receive 1.0 BTC within 24 hours guaranteed! Join: http://crypto-doubler767.top/invest
spam,Your parcel delivery has failed due to missing street address. Update your address within 12 hours: http://courier-address-fix9098650146.top or call driver +91-657.
spam,You have 1 new unread secure message from Payroll Department. Access document: https://payroll-update127.com/login.php
spam,"Dear Customer, you received a tax refund of Rs. 515. Submit your bank credentials to deposit: https://incometax-refund-portal8358842.org/claim"
ham,Your monthly mobile postpaid bill of Rs. 2051 is due on 199046. Pay via Airtel Thanks App to avoid late charges.
spam,"Congratulations! Your mobile number has won Rs. 25,00,000 in KBC All India Lucky Draw. Call executive at +91-7117515850 to claim your prize cheque."
ham,"Please call me at +91-Sameer immediately, need some help."
spam,"Congratulations! Your mobile number has won Rs. 25,00,000 in KBC All India Lucky Draw. Call executive at +91-9915722941 to claim your prize cheque."
ham,"Dear Customer, your A/C ending 12374 is credited with Rs. 968753 on 3603. Avail Bal: Rs. 47060. - SBI"
ham,Your appointment with Dr. Sharma has been booked for tomorrow at 4:30 PM.
ham,"Hey bro, call me urgently at +91-Vikram when you are free, need your help."
spam,Congratulations! You have won Rs. 402 in the international lottery. Claim your reward now: http://claim-prize3676039.xyz/bonus
ham,"Dear Rahul, your monthly bank statement for account ending in 3 is ready for viewing in your portal."
spam,"Dear consumer, your electricity power will be disconnected tonight at 9:30 PM because your previous month bill was not updated. Please call our electricity officer at +91-8431731756 immediately."
ham,Can you share Sameer's contact number with me?
ham,"Dear Customer, your A/C ending 7189 is credited with Rs. 896253 on 9117. Avail Bal: Rs. 53043. - SBI"
spam,Your pending invoice #275.pdf is ready for download. Click here: https://billing-doc564672.com/invoice.exe
ham,"Hi Vikram, let's catch up for lunch today around 1:00 PM if you're free."
spam,"Dear SBI user, your YONO account has been blocked due to unverified PAN card. Please update immediately: http://bit.ly/sbi-yono-update9589715771 or call +91-514."
spam,Crypto Alert: Deposit 0.1 BTC and receive 1.0 BTC within 24 hours guaranteed! Join: http://crypto-doubler238.top/invest
spam,Earn $5000 weekly working from home with no experience needed! Sign up today: http://quick-cash-scheme507.biz/register
spam,"Dear Customer, you received a tax refund of Rs. 587. Submit your bank credentials to deposit: https://incometax-refund-portal3663118.org/claim"
ham,"Hey team, the sprint planning session is confirmed for Tanvi at 10:00 AM."
ham,"Hi Aditya, could you review the pull request for the authentication module when you have a moment?"
spam,Your parcel delivery has failed due to missing street address. Update your address within 12 hours: http://courier-address-fix7657361990.top or call driver +91-768.
spam,"Congratulations! Your mobile number has won Rs. 25,00,000 in KBC All India Lucky Draw. Call executive at +91-7690795407 to claim your prize cheque."
ham,Can you share the assignment PDF with me?
ham,"Good morning, here is the updated presentation deck for our team demonstration."
ham,Can you send the lecture notes from yesterday?
ham,"Hi Ananya, could you review the pull request for the authentication module when you have a moment?"
ham,Can you transfer money for movie tickets? My UPI is not working.
ham,Your appointment with Dr. Sharma has been booked for tomorrow at 4:30 PM.
spam,Exclusive Offer: 90% discount on luxury watches and electronics. Limited stock available: http://discount-store521.xyz/shop
spam,"Dear customer, your loan of Rs. 3,50,000 is approved at 2% interest rate. No CIBIL score required. Call loan officer at +91-9572735524 to disburse funds."
ham,Bhai where are you? Waiting outside the metro station.
ham,Sent you Rs. Aditya on PhonePe for yesterday's dinner bill.
ham,"Dear Customer, your A/C ending 8654 is credited with Rs. 962749 on 8778. Avail Bal: Rs. 71947. - SBI"
spam,"Dear consumer, your electricity power will be disconnected tonight at 9:30 PM because your previous month bill was not updated. Please call our electricity officer at +91-7632778848 immediately."
spam,Crypto Alert: Deposit 0.1 BTC and receive 1.0 BTC within 24 hours guaranteed! Join: http://crypto-doubler156.top/invest
ham,"Good morning, here is the updated presentation deck for our team demonstration."
spam,"Credit card limit increased to Rs. 5,00,000 without income proof! Claim your pre-approved card now: http://card-upgrade7161925627.xyz or WhatsApp +91-680."
spam,Part-time job offer: Earn Rs. 2000 to Rs. 6000 daily from home by simply liking YouTube videos! Contact on WhatsApp +1 (555) 349-8831980159 now.
ham,Here is the shared project document: https://docs.google.com/document/d/projKavita - please review.
ham,Hey are you coming to class today? Professor is taking attendance.
spam,FINAL WARNING: Your email account will be permanently deactivated within 24 hours. Click to reactivate: https://mail-security-desk948.net/verify
ham,"Hey dude, what time does the match start today?"
spam,Your parcel delivery has failed due to missing street address. Update your address within 12 hours: http://courier-address-fix9967129073.top or call driver +91-958.
spam,"Congratulations! Your mobile number has won Rs. 25,00,000 in KBC All India Lucky Draw. Call executive at +91-7740914794 to claim your prize cheque."
spam,Your pending invoice #386.pdf is ready for download. Click here: https://billing-doc2624485.com/invoice.exe
spam,"Dear customer, your loan of Rs. 3,50,000 is approved at 2% interest rate. No CIBIL score required. Call loan officer at +91-7446667751 to disburse funds."
spam,URGENT: Your SIM card KYC is incomplete. Your outgoing calls will be stopped in 24 hrs. Call customer care helpline at 1800-7798806012 or +91-434 immediately.
spam,Part-time job offer: Earn Rs. 2000 to Rs. 6000 daily from home by simply liking YouTube videos! Contact on WhatsApp +1 (555) 349-8033566250 now.
spam,URGENT: Your SIM card KYC is incomplete. Your outgoing calls will be stopped in 24 hrs. Call customer care helpline at 1800-8419092884 or +91-988 immediately.
ham,Your monthly mobile postpaid bill of Rs. 5696 is due on 502029. Pay via Airtel Thanks App to avoid late charges.
spam,Security Alert! Unauthorized login attempt detected from IP 191. Confirm your password here: http://8753730/account/update
spam,"Dear Customer, you received a tax refund of Rs. 252. Submit your bank credentials to deposit: https://incometax-refund-portal8754036.org/claim"
ham,"Dear Soham, your monthly bank statement for account ending in 3 is ready for viewing in your portal."
spam,Your pending invoice #88.pdf is ready for download. Click here: https://billing-doc8215240.com/invoice.exe
ham,Please submit your semester assignment before Friday 5:00 PM on the university portal.
ham,Bhai where are you? Waiting outside the metro station.
spam,URGENT: Your bank account has been temporarily locked due to suspicious activity. Verify immediately: https://secure-bank-verify365.com/login
ham,Can you pay Rs. Rahul for the pizza? I will give you cash tonight.
ham,Your order from Zomato is on its way. Delivery partner is moving towards your location.
spam,URGENT: Your bank account has been temporarily locked due to suspicious activity. Verify immediately: https://secure-bank-verify718.com/login
spam,Part-time job offer: Earn Rs. 2000 to Rs. 6000 daily from home by simply liking YouTube videos! Contact on WhatsApp +1 (555) 349-7102020041 now.
ham,"Dear Vikram, your monthly bank statement for account ending in 6 is ready for viewing in your portal."
spam,Your pending invoice #119.pdf is ready for download. Click here: https://billing-doc7015575.com/invoice.exe
ham,Reminder: The weekly engineering standup will start in 15 minutes on Google Meet.
spam,Earn $5000 weekly working from home with no experience needed! Sign up today: http://quick-cash-scheme92.biz/register
spam,"Dear Customer, you received a tax refund of Rs. 620. Submit your bank credentials to deposit: https://incometax-refund-portal1642217.org/claim"
spam,"Dear customer, your loan of Rs. 3,50,000 is approved at 2% interest rate. No CIBIL score required. Call loan officer at +91-7441848902 to disburse funds."
spam,Earn $5000 weekly working from home with no experience needed! Sign up today: http://quick-cash-scheme298.biz/register
ham,Check this GitHub repository for the code implementation: https://github.com/team-dev/repoKavita
ham,"Hi Priya, let's catch up for lunch today around 1:00 PM if you're free."
spam,You have 1 new unread secure message from Payroll Department. Access document: https://payroll-update131.com/login.php
ham,Your order from Zomato is on its way. Delivery partner is moving towards your location.
spam,"Congratulations! Your mobile number has won Rs. 25,00,000 in KBC All India Lucky Draw. Call executive at +91-7409418625 to claim your prize cheque."
ham,Your order from Zomato is on its way. Delivery partner is moving towards your location.
ham,"Split the cab fare on UPI, your share is Rs. Priya."
ham,Let's meet at the library around Vikram PM to finish the group project.
ham,Here are the notes and action items from yesterday's discussion with the client.
spam,"Dear consumer, your electricity power will be disconnected tonight at 9:30 PM because your previous month bill was not updated. Please call our electricity officer at +91-8862695373 immediately."
spam,Part-time job offer: Earn Rs. 2000 to Rs. 6000 daily from home by simply liking YouTube videos! Contact on WhatsApp +1 (555) 349-8617288033 now.
spam,"Dear customer, your loan of Rs. 3,50,000 is approved at 2% interest rate. No CIBIL score required. Call loan officer at +91-9835416867 to disburse funds."
ham,Your cab driver 848 (+91 97140652) has arrived at your pickup location. PIN is 3392.
spam,"Dear SBI user, your YONO account has been blocked due to unverified PAN card. Please update immediately: http://bit.ly/sbi-yono-update9375929359 or call +91-688."
ham,"Hey dude, what time does the match start today?"
spam,URGENT: Your bank account has been temporarily locked due to suspicious activity. Verify immediately: https://secure-bank-verify288.com/login
ham,Your package with tracking #13861 will be delivered today by courier. Contact delivery associate at +91 98740457 to coordinate.
spam,Part-time job offer: Earn Rs. 2000 to Rs. 6000 daily from home by simply liking YouTube videos! Contact on WhatsApp +1 (555) 349-9137320548 now.
spam,"Dear Customer, you received a tax refund of Rs. 878. Submit your bank credentials to deposit: https://incometax-refund-portal2429808.org/claim"
spam,Part-time job offer: Earn Rs. 2000 to Rs. 6000 daily from home by simply liking YouTube videos! Contact on WhatsApp +1 (555) 349-8063269711 now.
ham,"Hi Sneha, can we reschedule our meeting to tomorrow at 4 PM? Thanks."
ham,Your OTP for online transaction of Rs. 955 at Amazon is 439664. Valid for 10 mins. Do not share OTP with anyone. - HDFC Bank
spam,URGENT: Your bank account has been temporarily locked due to suspicious activity. Verify immediately: https://secure-bank-verify523.com/login
spam,Earn $5000 weekly working from home with no experience needed! Sign up today: http://quick-cash-scheme420.biz/register
spam,Part-time job offer: Earn Rs. 2000 to Rs. 6000 daily from home by simply liking YouTube videos! Contact on WhatsApp +1 (555) 349-8375298179 now.
ham,Your OTP for online transaction of Rs. 13685 at Amazon is 935753. Valid for 10 mins. Do not share OTP with anyone. - HDFC Bank
ham,Are you awake? Give me a quick ring when you see this.
spam,"Credit card limit increased to Rs. 5,00,000 without income proof! Claim your pre-approved card now: http://card-upgrade7740056352.xyz or WhatsApp +91-983."
spam,Crypto Alert: Deposit 0.1 BTC and receive 1.0 BTC within 24 hours guaranteed! Join: http://crypto-doubler815.top/invest
spam,Crypto Alert: Deposit 0.1 BTC and receive 1.0 BTC within 24 hours guaranteed! Join: http://crypto-doubler308.top/invest
spam,"Dear customer, your loan of Rs. 3,50,000 is approved at 2% interest rate. No CIBIL score required. Call loan officer at +91-8652469236 to disburse funds."
ham,"Dear Customer, your A/C ending 13204 is credited with Rs. 284883 on 6087. Avail Bal: Rs. 33762. - SBI"
ham,"Dear Customer, your A/C ending 6138 is credited with Rs. 622579 on 6852. Avail Bal: Rs. 6743. - SBI"
spam,"Credit card limit increased to Rs. 5,00,000 without income proof! Claim your pre-approved card now: http://card-upgrade8606178830.xyz or WhatsApp +91-794."
spam,Your parcel delivery has failed due to missing street address. Update your address within 12 hours: http://courier-address-fix8018983679.top or call driver +91-361.
spam,"Dear customer, your loan of Rs. 3,50,000 is approved at 2% interest rate. No CIBIL score required. Call loan officer at +91-9906988860 to disburse funds."
spam,Congratulations! You have won Rs. 871 in the international lottery. Claim your reward now: http://claim-prize7255701.xyz/bonus
spam,Security Alert! Unauthorized login attempt detected from IP 869. Confirm your password here: http://4351457/account/update
ham,Your package with tracking #9428 will be delivered today by courier. Contact delivery associate at +91 98984763 to coordinate.
spam,Your parcel delivery has failed due to missing street address. Update your address within 12 hours: http://courier-address-fix7271635345.top or call driver +91-853.
ham,Reminder: The weekly engineering standup will start in 15 minutes on Google Meet.
spam,"Dear consumer, your electricity power will be disconnected tonight at 9:30 PM because your previous month bill was not updated. Please call our electricity officer at +91-9989274521 immediately."
ham,Your OTP for online transaction of Rs. 4185 at Amazon is 543382. Valid for 10 mins. Do not share OTP with anyone. - HDFC Bank
ham,Your cab driver 534 (+91 97866042) has arrived at your pickup location. PIN is 7473.
spam,Your pending invoice #772.pdf is ready for download. Click here: https://billing-doc4470167.com/invoice.exe
ham,Can you pay Rs. Vikram for the pizza? I will give you cash tonight.
spam,Congratulations! You have won Rs. 272 in the international lottery. Claim your reward now: http://claim-prize7734431.xyz/bonus
spam,"Dear customer, your loan of Rs. 3,50,000 is approved at 2% interest rate. No CIBIL score required. Call loan officer at +91-7203852724 to disburse funds."
ham,Your order from Zomato is on its way. Delivery partner is moving towards your location.
spam,Exclusive Offer: 90% discount on luxury watches and electronics. Limited stock available: http://discount-store136.xyz/shop
spam,"Dear consumer, your electricity power will be disconnected tonight at 9:30 PM because your previous month bill was not updated. Please call our electricity officer at +91-9608278006 immediately."
ham,"Hey dude, what time does the match start today?"
ham,Your order from Zomato is on its way. Delivery partner is moving towards your location.
spam,"Dear SBI user, your YONO account has been blocked due to unverified PAN card. Please update immediately: http://bit.ly/sbi-yono-update9865172317 or call +91-713."
spam,FINAL WARNING: Your email account will be permanently deactivated within 24 hours. Click to reactivate: https://mail-security-desk56.net/verify
ham,Your flight booking reference Aditya from Mumbai to Delhi is confirmed for departure at 3.
spam,FINAL WARNING: Your email account will be permanently deactivated within 24 hours. Click to reactivate: https://mail-security-desk371.net/verify
spam,URGENT: Your bank account has been temporarily locked due to suspicious activity. Verify immediately: https://secure-bank-verify644.com/login
spam,Congratulations! You have won Rs. 477 in the international lottery. Claim your reward now: http://claim-prize7635043.xyz/bonus
spam,URGENT: Your bank account has been temporarily locked due to suspicious activity. Verify immediately: https://secure-bank-verify851.com/login
spam,FINAL WARNING: Your email account will be permanently deactivated within 24 hours. Click to reactivate: https://mail-security-desk651.net/verify
spam,URGENT: Your SIM card KYC is incomplete. Your outgoing calls will be stopped in 24 hrs. Call customer care helpline at 1800-8463765580 or +91-404 immediately.
ham,"Hi Soham, let's catch up for lunch today around 1:00 PM if you're free."
spam,Your pending invoice #422.pdf is ready for download. Click here: https://billing-doc6692716.com/invoice.exe
ham,Reminder: The weekly engineering standup will start in 15 minutes on Google Meet.
spam,URGENT: Your bank account has been temporarily locked due to suspicious activity. Verify immediately: https://secure-bank-verify774.com/login
spam,"Credit card limit increased to Rs. 5,00,000 without income proof! Claim your pre-approved card now: http://card-upgrade9273781376.xyz or WhatsApp +91-485."
spam,"Dear customer, your loan of Rs. 3,50,000 is approved at 2% interest rate. No CIBIL score required. Call loan officer at +91-8821755253 to disburse funds."
spam,Exclusive Offer: 90% discount on luxury watches and electronics. Limited stock available: http://discount-store160.xyz/shop
spam,Security Alert! Unauthorized login attempt detected from IP 936. Confirm your password here: http://4070340/account/update
spam,"Dear consumer, your electricity power will be disconnected tonight at 9:30 PM because your previous month bill was not updated. Please call our electricity officer at +91-8479567940 immediately."
spam,"Dear SBI user, your YONO account has been blocked due to unverified PAN card. Please update immediately: http://bit.ly/sbi-yono-update9526314278 or call +91-642."
ham,Here is the shared project document: https://docs.google.com/document/d/projSoham - please review.
spam,URGENT: Your bank account has been temporarily locked due to suspicious activity. Verify immediately: https://secure-bank-verify980.com/login
spam,You have 1 new unread secure message from Payroll Department. Access document: https://payroll-update725.com/login.php
ham,Please find attached the project status report for QSoham review. Let me know your thoughts.
ham,"Dear Customer, your A/C ending 8760 is credited with Rs. 676499 on 4229. Avail Bal: Rs. 48350. - SBI"
ham,Reminder: The weekly engineering standup will start in 15 minutes on Google Meet.
spam,URGENT: Your bank account has been temporarily locked due to suspicious activity. Verify immediately: https://secure-bank-verify583.com/login
ham,Can you share Rohan's contact number with me?
ham,Your flight booking reference Ananya from Mumbai to Delhi is confirmed for departure at 8.
spam,"Dear SBI user, your YONO account has been blocked due to unverified PAN card. Please update immediately: http://bit.ly/sbi-yono-update8209068180 or call +91-265."
spam,URGENT: Your bank account has been temporarily locked due to suspicious activity. Verify immediately: https://secure-bank-verify961.com/login
spam,Your parcel delivery has failed due to missing street address. Update your address within 12 hours: http://courier-address-fix7387258879.top or call driver +91-817.
spam,"Dear Customer, you received a tax refund of Rs. 150. Submit your bank credentials to deposit: https://incometax-refund-portal7796338.org/claim"
ham,Can you pay Rs. Rohan for the pizza? I will give you cash tonight.
spam,Congratulations! You have won Rs. 636 in the international lottery. Claim your reward now: http://claim-prize8622417.xyz/bonus
ham,"Please pick up the phone, need to ask you something urgent."
ham,Your flight booking reference Tanvi from Mumbai to Delhi is confirmed for departure at 5.
spam,Security Alert! Unauthorized login attempt detected from IP 186. Confirm your password here: http://6504075/account/update
ham,"Dear Customer, your A/C ending 3954 is credited with Rs. 508531 on 1869. Avail Bal: Rs. 61680. - SBI"
spam,You have 1 new unread secure message from Payroll Department. Access document: https://payroll-update848.com/login.php
spam,"Dear customer, your loan of Rs. 3,50,000 is approved at 2% interest rate. No CIBIL score required. Call loan officer at +91-9692810234 to disburse funds."
ham,Please find attached the project status report for QRohan review. Let me know your thoughts.
ham,Check this GitHub repository for the code implementation: https://github.com/team-dev/repoAmit
ham,"Dear customer, cash withdrawal of Rs. 1609 from ATM at 790785 was successful. - ICICI Bank"
ham,Can you share the assignment PDF with me?
spam,Crypto Alert: Deposit 0.1 BTC and receive 1.0 BTC within 24 hours guaranteed! Join: http://crypto-doubler20.top/invest
ham,Can you pay Rs. Priya for the pizza? I will give you cash tonight.
ham,Your appointment with Dr. Sharma has been booked for tomorrow at 4:30 PM.
spam,Exclusive Offer: 90% discount on luxury watches and electronics. Limited stock available: http://discount-store945.xyz/shop
spam,"Dear SBI user, your YONO account has been blocked due to unverified PAN card. Please update immediately: http://bit.ly/sbi-yono-update9680102546 or call +91-514."
ham,Can you transfer money for movie tickets? My UPI is not working.
ham,Check this GitHub repository for the code implementation: https://github.com/team-dev/repoTanvi
ham,Your OTP for online transaction of Rs. 10716 at Amazon is 352352. Valid for 10 mins. Do not share OTP with anyone. - HDFC Bank
spam,URGENT: Your bank account has been temporarily locked due to suspicious activity. Verify immediately: https://secure-bank-verify107.com/login
spam,URGENT: Your SIM card KYC is incomplete. Your outgoing calls will be stopped in 24 hrs. Call customer care helpline at 1800-8650847883 or +91-546 immediately.
spam,Crypto Alert: Deposit 0.1 BTC and receive 1.0 BTC within 24 hours guaranteed! Join: http://crypto-doubler264.top/invest
ham,"I lost my phone, this is my new temporary number +91-Kavita, save it."
spam,Crypto Alert: Deposit 0.1 BTC and receive 1.0 BTC within 24 hours guaranteed! Join: http://crypto-doubler916.top/invest
ham,Your cab driver 501 (+91 97582088) has arrived at your pickup location. PIN is 8477.
ham,"Dear Customer, your A/C ending 8105 is credited with Rs. 762836 on 6191. Avail Bal: Rs. 13412. - SBI"
spam,"Dear SBI user, your YONO account has been blocked due to unverified PAN card. Please update immediately: http://bit.ly/sbi-yono-update8858159395 or call +91-870."
ham,"Mom said dinner is ready, come home soon."
spam,"Dear customer, your loan of Rs. 3,50,000 is approved at 2% interest rate. No CIBIL score required. Call loan officer at +91-7639118591 to disburse funds."
ham,Your cab driver 3979 (+91 97455276) has arrived at your pickup location. PIN is 7658.
spam,"Dear customer, your loan of Rs. 3,50,000 is approved at 2% interest rate. No CIBIL score required. Call loan officer at +91-8357060834 to disburse funds."
ham,Are you free tonight? Let's go to that cafe.
spam,"Congratulations! Your mobile number has won Rs. 25,00,000 in KBC All India Lucky Draw. Call executive at +91-8438916489 to claim your prize cheque."
ham,Sent you Rs. Vikram on PhonePe for yesterday's dinner bill.
spam,Earn $5000 weekly working from home with no experience needed! Sign up today: http://quick-cash-scheme766.biz/register
ham,Your package with tracking #11020 will be delivered today by courier. Contact delivery associate at +91 98198191 to coordinate.
ham,"Hi all, please note the office will remain closed on Monday on account of public holiday."
spam,Your pending invoice #163.pdf is ready for download. Click here: https://billing-doc6522101.com/invoice.exe
spam,"Dear customer, your loan of Rs. 3,50,000 is approved at 2% interest rate. No CIBIL score required. Call loan officer at +91-8445931305 to disburse funds."
ham,"Hi Rahul, could you review the pull request for the authentication module when you have a moment?"
spam,Earn $5000 weekly working from home with no experience needed! Sign up today: http://quick-cash-scheme624.biz/register
spam,"Dear customer, your loan of Rs. 3,50,000 is approved at 2% interest rate. No CIBIL score required. Call loan officer at +91-7885170590 to disburse funds."
spam,"Dear customer, your loan of Rs. 3,50,000 is approved at 2% interest rate. No CIBIL score required. Call loan officer at +91-8750042500 to disburse funds."
ham,Your order from Zomato is on its way. Delivery partner is moving towards your location.
spam,Security Alert! Unauthorized login attempt detected from IP 407. Confirm your password here: http://4769331/account/update
ham,Receipt for your recent payment of Rs. Sneha to Electric Utility Services.
ham,Your monthly mobile postpaid bill of Rs. 3409 is due on 253061. Pay via Airtel Thanks App to avoid late charges.
spam,Part-time job offer: Earn Rs. 2000 to Rs. 6000 daily from home by simply liking YouTube videos! Contact on WhatsApp +1 (555) 349-9494606259 now.
ham,Reminder: The weekly engineering standup will start in 15 minutes on Google Meet.
spam,Your pending invoice #605.pdf is ready for download. Click here: https://billing-doc5169586.com/invoice.exe
spam,"Dear customer, your loan of Rs. 3,50,000 is approved at 2% interest rate. No CIBIL score required. Call loan officer at +91-8350490227 to disburse funds."
ham,Thank you for your order #Rahul. Your package has been dispatched and will arrive by 3.
ham,"Congratulations on getting the job offer, so proud of you!"
spam,"Congratulations! Your mobile number has won Rs. 25,00,000 in KBC All India Lucky Draw. Call executive at +91-8488964232 to claim your prize cheque."
spam,Congratulations! You have won Rs. 728 in the international lottery. Claim your reward now: http://claim-prize8815914.xyz/bonus
ham,"Dear customer, cash withdrawal of Rs. 1707 from ATM at 598104 was successful. - ICICI Bank"
ham,"Hey Sameer, I have reached the restaurant. Let me know when you arrive."
spam,Earn $5000 weekly working from home with no experience needed! Sign up today: http://quick-cash-scheme761.biz/register
ham,Your order from Zomato is on its way. Delivery partner is moving towards your location.
spam,FINAL WARNING: Your email account will be permanently deactivated within 24 hours. Click to reactivate: https://mail-security-desk861.net/verify
spam,"Dear SBI user, your YONO account has been blocked due to unverified PAN card. Please update immediately: http://bit.ly/sbi-yono-update9375851600 or call +91-946."
spam,Congratulations! You have won Rs. 211 in the international lottery. Claim your reward now: http://claim-prize6699564.xyz/bonus
spam,"Dear consumer, your electricity power will be disconnected tonight at 9:30 PM because your previous month bill was not updated. Please call our electricity officer at +91-8932323238 immediately."
ham,Your monthly mobile postpaid bill of Rs. 11123 is due on 357903. Pay via Airtel Thanks App to avoid late charges.
ham,"Please pick up the phone, need to ask you something urgent."
ham,Can you share the assignment PDF with me?
ham,Your package with tracking #1776 will be delivered today by courier. Contact delivery associate at +91 98529224 to coordinate.
ham,Receipt for your recent payment of Rs. Rahul to Electric Utility Services.
ham,"Hi Vikram, can we reschedule our meeting to tomorrow at 11 PM? Thanks."
spam,Your pending invoice #278.pdf is ready for download. Click here: https://billing-doc6323237.com/invoice.exe
ham,Your package with tracking #2581 will be delivered today by courier. Contact delivery associate at +91 98220288 to coordinate.
spam,"Credit card limit increased to Rs. 5,00,000 without income proof! Claim your pre-approved card now: http://card-upgrade8081476292.xyz or WhatsApp +91-459."
spam,URGENT: Your SIM card KYC is incomplete. Your outgoing calls will be stopped in 24 hrs. Call customer care helpline at 1800-7287483277 or +91-234 immediately.
spam,You have 1 new unread secure message from Payroll Department. Access document: https://payroll-update134.com/login.php
ham,Your flight booking reference Ananya from Mumbai to Delhi is confirmed for departure at 12.
spam,Part-time job offer: Earn Rs. 2000 to Rs. 6000 daily from home by simply liking YouTube videos! Contact on WhatsApp +1 (555) 349-9882914993 now.
spam,You have 1 new unread secure message from Payroll Department. Access document: https://payroll-update448.com/login.php
spam,FINAL WARNING: Your email account will be permanently deactivated within 24 hours. Click to reactivate: https://mail-security-desk432.net/verify
spam,FINAL WARNING: Your email account will be permanently deactivated within 24 hours. Click to reactivate: https://mail-security-desk393.net/verify
spam,Earn $5000 weekly working from home with no experience needed! Sign up today: http://quick-cash-scheme155.biz/register
spam,FINAL WARNING: Your email account will be permanently deactivated within 24 hours. Click to reactivate: https://mail-security-desk919.net/verify
ham,"Hi Soham, can we reschedule our meeting to tomorrow at 3 PM? Thanks."
spam,Security Alert! Unauthorized login attempt detected from IP 450. Confirm your password here: http://9074951/account/update
spam,Your pending invoice #855.pdf is ready for download. Click here: https://billing-doc2104384.com/invoice.exe
spam,"Dear customer, your loan of Rs. 3,50,000 is approved at 2% interest rate. No CIBIL score required. Call loan officer at +91-8254916355 to disburse funds."
spam,FINAL WARNING: Your email account will be permanently deactivated within 24 hours. Click to reactivate: https://mail-security-desk316.net/verify
ham,"Split the cab fare on UPI, your share is Rs. Sameer."
spam,"Dear Customer, you received a tax refund of Rs. 375. Submit your bank credentials to deposit: https://incometax-refund-portal7059317.org/claim"
spam,"Credit card limit increased to Rs. 5,00,000 without income proof! Claim your pre-approved card now: http://card-upgrade9468437551.xyz or WhatsApp +91-511."
ham,"Hey Aditya, can you send me Rs. 8063580256 on GPay? Will return it tomorrow."
spam,You have 1 new unread secure message from Payroll Department. Access document: https://payroll-update852.com/login.php
spam,Part-time job offer: Earn Rs. 2000 to Rs. 6000 daily from home by simply liking YouTube videos! Contact on WhatsApp +1 (555) 349-7818904611 now.
spam,"Dear Customer, you received a tax refund of Rs. 237. Submit your bank credentials to deposit: https://incometax-refund-portal5042015.org/claim"
spam,Your pending invoice #386.pdf is ready for download. Click here: https://billing-doc4155819.com/invoice.exe
spam,Crypto Alert: Deposit 0.1 BTC and receive 1.0 BTC within 24 hours guaranteed! Join: http://crypto-doubler706.top/invest
ham,Thank you for your order #Vikram. Your package has been dispatched and will arrive by 11.
ham,Are you awake? Give me a quick ring when you see this.
spam,"Dear SBI user, your YONO account has been blocked due to unverified PAN card. Please update immediately: http://bit.ly/sbi-yono-update9379847846 or call +91-925."
spam,URGENT: Your SIM card KYC is incomplete. Your outgoing calls will be stopped in 24 hrs. Call customer care helpline at 1800-7384583928 or +91-297 immediately.
ham,"Dear customer, cash withdrawal of Rs. 11850 from ATM at 587472 was successful. - ICICI Bank"
spam,Security Alert! Unauthorized login attempt detected from IP 455. Confirm your password here: http://1062221/account/update
ham,"Call me urgently, it is important."
ham,Please find attached the project status report for QSameer review. Let me know your thoughts.
spam,"Dear customer, your loan of Rs. 3,50,000 is approved at 2% interest rate. No CIBIL score required. Call loan officer at +91-9721744142 to disburse funds."
spam,"Dear SBI user, your YONO account has been blocked due to unverified PAN card. Please update immediately: http://bit.ly/sbi-yono-update7530575070 or call +91-103."
ham,Thank you for your order #Amit. Your package has been dispatched and will arrive by 12.
ham,Your package with tracking #5886 will be delivered today by courier. Contact delivery associate at +91 98853086 to coordinate.
ham,Please submit your semester assignment before Friday 5:00 PM on the university portal.
ham,"Dear Customer, your A/C ending 5839 is credited with Rs. 690031 on 6696. Avail Bal: Rs. 14607. - SBI"
ham,"Hi Sneha, let's catch up for lunch today around 1:00 PM if you're free."
ham,Your monthly mobile postpaid bill of Rs. 6148 is due on 937407. Pay via Airtel Thanks App to avoid late charges.
spam,URGENT: Your SIM card KYC is incomplete. Your outgoing calls will be stopped in 24 hrs. Call customer care helpline at 1800-8797053335 or +91-827 immediately.
ham,Reminder: Your doctor appointment is scheduled for tomorrow at 10564 PM at City Clinic.
ham,Receipt for your recent payment of Rs. Tanvi to Electric Utility Services.
ham,Your package with tracking #10002 will be delivered today by courier. Contact delivery associate at +91 98520888 to coordinate.
ham,Please find attached the project status report for QAditya review. Let me know your thoughts.
spam,URGENT: Your SIM card KYC is incomplete. Your outgoing calls will be stopped in 24 hrs. Call customer care helpline at 1800-8847742197 or +91-645 immediately.
ham,Your order from Zomato is on its way. Delivery partner is moving towards your location.
spam,"Dear SBI user, your YONO account has been blocked due to unverified PAN card. Please update immediately: http://bit.ly/sbi-yono-update7376480775 or call +91-351."
spam,"Dear Customer, you received a tax refund of Rs. 186. Submit your bank credentials to deposit: https://incometax-refund-portal4365169.org/claim"
spam,"Dear consumer, your electricity power will be disconnected tonight at 9:30 PM because your previous month bill was not updated. Please call our electricity officer at +91-9263558547 immediately."
spam,Your parcel delivery has failed due to missing street address. Update your address within 12 hours: http://courier-address-fix7648235606.top or call driver +91-192.
spam,Earn $5000 weekly working from home with no experience needed! Sign up today: http://quick-cash-scheme214.biz/register
ham,Your cab driver 2780 (+91 97411983) has arrived at your pickup location. PIN is 8130.
spam,Crypto Alert: Deposit 0.1 BTC and receive 1.0 BTC within 24 hours guaranteed! Join: http://crypto-doubler854.top/invest
ham,Receipt for your recent payment of Rs. Vikram to Electric Utility Services.
spam,Congratulations! You have won Rs. 511 in the international lottery. Claim your reward now: http://claim-prize926547.xyz/bonus
spam,Your pending invoice #15.pdf is ready for download. Click here: https://billing-doc3558124.com/invoice.exe
spam,URGENT: Your SIM card KYC is incomplete. Your outgoing calls will be stopped in 24 hrs. Call customer care helpline at 1800-8741736068 or +91-400 immediately.
ham,"Call me urgently, it is important."
spam,"Dear customer, your loan of Rs. 3,50,000 is approved at 2% interest rate. No CIBIL score required. Call loan officer at +91-7985470301 to disburse funds."
ham,Your cab driver 10633 (+91 97309674) has arrived at your pickup location. PIN is 9716.
ham,Hey are you coming to class today? Professor is taking attendance.
spam,"Dear Customer, you received a tax refund of Rs. 392. Submit your bank credentials to deposit: https://incometax-refund-portal3514856.org/claim"
spam,"Dear Customer, you received a tax refund of Rs. 161. Submit your bank credentials to deposit: https://incometax-refund-portal1985394.org/claim"
ham,Reminder: Your doctor appointment is scheduled for tomorrow at 1962 PM at City Clinic.
spam,URGENT: Your bank account has been temporarily locked due to suspicious activity. Verify immediately: https://secure-bank-verify352.com/login
ham,Can you transfer money for movie tickets? My UPI is not working.
ham,"Dear Amit, your monthly bank statement for account ending in 5 is ready for viewing in your portal."
ham,Please find attached the project status report for QVikram review. Let me know your thoughts.
spam,"Congratulations! Your mobile number has won Rs. 25,00,000 in KBC All India Lucky Draw. Call executive at +91-8270658754 to claim your prize cheque."
spam,FINAL WARNING: Your email account will be permanently deactivated within 24 hours. Click to reactivate: https://mail-security-desk87.net/verify
spam,Exclusive Offer: 90% discount on luxury watches and electronics. Limited stock available: http://discount-store303.xyz/shop
spam,FINAL WARNING: Your email account will be permanently deactivated within 24 hours. Click to reactivate: https://mail-security-desk26.net/verify
spam,Congratulations! You have won Rs. 432 in the international lottery. Claim your reward now: http://claim-prize6342758.xyz/bonus
ham,"Hi Kavita, can we reschedule our meeting to tomorrow at 10 PM? Thanks."
ham,Your cab driver 4027 (+91 97813494) has arrived at your pickup location. PIN is 8136.
ham,Your cab driver 2620 (+91 97165825) has arrived at your pickup location. PIN is 9618.
spam,FINAL WARNING: Your email account will be permanently deactivated within 24 hours. Click to reactivate: https://mail-security-desk719.net/verify
spam,Security Alert! Unauthorized login attempt detected from IP 184. Confirm your password here: http://6721440/account/update
ham,"Hey bro, call me urgently at +91-Ananya when you are free, need your help."
ham,Thank you for your order #Tanvi. Your package has been dispatched and will arrive by 7.
spam,Your pending invoice #524.pdf is ready for download. Click here: https://billing-doc2182995.com/invoice.exe
spam,FINAL WARNING: Your email account will be permanently deactivated within 24 hours. Click to reactivate: https://mail-security-desk37.net/verify
spam,"Dear SBI user, your YONO account has been blocked due to unverified PAN card. Please update immediately: http://bit.ly/sbi-yono-update9737400518 or call +91-342."
spam,"Credit card limit increased to Rs. 5,00,000 without income proof! Claim your pre-approved card now: http://card-upgrade9177946802.xyz or WhatsApp +91-990."
spam,URGENT: Your bank account has been temporarily locked due to suspicious activity. Verify immediately: https://secure-bank-verify548.com/login
ham,Your package with tracking #11382 will be delivered today by courier. Contact delivery associate at +91 98822122 to coordinate.
spam,URGENT: Your SIM card KYC is incomplete. Your outgoing calls will be stopped in 24 hrs. Call customer care helpline at 1800-8010655822 or +91-269 immediately.
spam,URGENT: Your bank account has been temporarily locked due to suspicious activity. Verify immediately: https://secure-bank-verify170.com/login
spam,"Dear Customer, you received a tax refund of Rs. 562. Submit your bank credentials to deposit: https://incometax-refund-portal3180906.org/claim"
ham,"Bro, did you complete the homework for tomorrow's class?"
spam,Earn $5000 weekly working from home with no experience needed! Sign up today: http://quick-cash-scheme26.biz/register
spam,"Congratulations! Your mobile number has won Rs. 25,00,000 in KBC All India Lucky Draw. Call executive at +91-7027551318 to claim your prize cheque."
spam,"Dear consumer, your electricity power will be disconnected tonight at 9:30 PM because your previous month bill was not updated. Please call our electricity officer at +91-9148041379 immediately."
spam,Exclusive Offer: 90% discount on luxury watches and electronics. Limited stock available: http://discount-store853.xyz/shop
ham,Please find attached the project status report for QPriya review. Let me know your thoughts.
spam,Congratulations! You have won Rs. 129 in the international lottery. Claim your reward now: http://claim-prize3544345.xyz/bonus
ham,"Hey dude, what time does the match start today?"
spam,"Dear consumer, your electricity power will be disconnected tonight at 9:30 PM because your previous month bill was not updated. Please call our electricity officer at +91-9310419460 immediately."
spam,Part-time job offer: Earn Rs. 2000 to Rs. 6000 daily from home by simply liking YouTube videos! Contact on WhatsApp +1 (555) 349-7704634624 now.
ham,"Hi Rahul, could you review the pull request for the authentication module when you have a moment?"
spam,"Dear SBI user, your YONO account has been blocked due to unverified PAN card. Please update immediately: http://bit.ly/sbi-yono-update9978658573 or call +91-198."
ham,Your OTP for online transaction of Rs. 10005 at Amazon is 899535. Valid for 10 mins. Do not share OTP with anyone. - HDFC Bank
ham,"Hi Kavita, can we reschedule our meeting to tomorrow at 7 PM? Thanks."
ham,Are you awake? Give me a quick ring when you see this.
ham,Bhai where are you? Waiting outside the metro station.
ham,"Dear customer, cash withdrawal of Rs. 12200 from ATM at 935639 was successful. - ICICI Bank"
ham,Reminder: Your doctor appointment is scheduled for tomorrow at 6211 PM at City Clinic.
spam,Security Alert! Unauthorized login attempt detected from IP 940. Confirm your password here: http://2333788/account/update
spam,"Congratulations! Your mobile number has won Rs. 25,00,000 in KBC All India Lucky Draw. Call executive at +91-7371218653 to claim your prize cheque."
ham,"Bhai, call me at +91-Kavita as soon as possible."
ham,Your appointment with Dr. Sharma has been booked for tomorrow at 4:30 PM.
spam,Exclusive Offer: 90% discount on luxury watches and electronics. Limited stock available: http://discount-store165.xyz/shop
spam,Security Alert! Unauthorized login attempt detected from IP 131. Confirm your password here: http://5797371/account/update
ham,"Call me urgently, it is important."
ham,Can you share the assignment PDF with me?
ham,Hey are you coming to class today? Professor is taking attendance.
spam,URGENT: Your SIM card KYC is incomplete. Your outgoing calls will be stopped in 24 hrs. Call customer care helpline at 1800-7569930938 or +91-832 immediately.
spam,FINAL WARNING: Your email account will be permanently deactivated within 24 hours. Click to reactivate: https://mail-security-desk864.net/verify
ham,Here are the notes and action items from yesterday's discussion with the client.
spam,"Credit card limit increased to Rs. 5,00,000 without income proof! Claim your pre-approved card now: http://card-upgrade8183256825.xyz or WhatsApp +91-428."
spam,"Congratulations! Your mobile number has won Rs. 25,00,000 in KBC All India Lucky Draw. Call executive at +91-8244852319 to claim your prize cheque."
ham,"Dear Amit, your monthly bank statement for account ending in 4 is ready for viewing in your portal."
spam,Security Alert! Unauthorized login attempt detected from IP 571. Confirm your password here: http://6365391/account/update
ham,Are you free tonight? Let's go to that cafe.
ham,"Dear customer, cash withdrawal of Rs. 12379 from ATM at 604086 was successful. - ICICI Bank"
spam,Your parcel delivery has failed due to missing street address. Update your address within 12 hours: http://courier-address-fix8582461213.top or call driver +91-505.
spam,Your pending invoice #918.pdf is ready for download. Click here: https://billing-doc8362531.com/invoice.exe
spam,"Congratulations! Your mobile number has won Rs. 25,00,000 in KBC All India Lucky Draw. Call executive at +91-9959767847 to claim your prize cheque."
spam,"Congratulations! Your mobile number has won Rs. 25,00,000 in KBC All India Lucky Draw. Call executive at +91-8892153459 to claim your prize cheque."
ham,"Call me urgently, it is important."
spam,"Dear SBI user, your YONO account has been blocked due to unverified PAN card. Please update immediately: http://bit.ly/sbi-yono-update9049770751 or call +91-529."
ham,Can you transfer money for movie tickets? My UPI is not working.
spam,Security Alert! Unauthorized login attempt detected from IP 112. Confirm your password here: http://6750645/account/update
spam,Security Alert! Unauthorized login attempt detected from IP 882. Confirm your password here: http://685794/account/update
ham,"I lost my phone, this is my new temporary number +91-Kavita, save it."
spam,You have 1 new unread secure message from Payroll Department. Access document: https://payroll-update325.com/login.php
ham,Reminder: Your doctor appointment is scheduled for tomorrow at 9358 PM at City Clinic.
spam,Part-time job offer: Earn Rs. 2000 to Rs. 6000 daily from home by simply liking YouTube videos! Contact on WhatsApp +1 (555) 349-9840457455 now.
spam,"Dear SBI user, your YONO account has been blocked due to unverified PAN card. Please update immediately: http://bit.ly/sbi-yono-update9958135739 or call +91-390."
spam,Congratulations! You have won Rs. 146 in the international lottery. Claim your reward now: http://claim-prize8148676.xyz/bonus
ham,Reminder: The weekly engineering standup will start in 15 minutes on Google Meet.
ham,"Good morning, here is the updated presentation deck for our team demonstration."
spam,"Credit card limit increased to Rs. 5,00,000 without income proof! Claim your pre-approved card now: http://card-upgrade7316724750.xyz or WhatsApp +91-565."
ham,Thanks for your help with the bug in the code earlier.
ham,"Dear Customer, your A/C ending 14186 is credited with Rs. 206710 on 4229. Avail Bal: Rs. 35558. - SBI"
spam,Part-time job offer: Earn Rs. 2000 to Rs. 6000 daily from home by simply liking YouTube videos! Contact on WhatsApp +1 (555) 349-9488464139 now.
spam,Earn $5000 weekly working from home with no experience needed! Sign up today: http://quick-cash-scheme90.biz/register
spam,"Dear consumer, your electricity power will be disconnected tonight at 9:30 PM because your previous month bill was not updated. Please call our electricity officer at +91-7714500813 immediately."
ham,"Dear Customer, your A/C ending 7753 is credited with Rs. 876303 on 9258. Avail Bal: Rs. 33986. - SBI"
ham,"Hey team, the sprint planning session is confirmed for Soham at 10:00 AM."
spam,Crypto Alert: Deposit 0.1 BTC and receive 1.0 BTC within 24 hours guaranteed! Join: http://crypto-doubler805.top/invest
ham,Your package with tracking #7179 will be delivered today by courier. Contact delivery associate at +91 98435020 to coordinate.
spam,"Dear customer, your loan of Rs. 3,50,000 is approved at 2% interest rate. No CIBIL score required. Call loan officer at +91-9471064403 to disburse funds."
ham,"Hey bro, call me urgently at +91-Rahul when you are free, need your help."
spam,You have 1 new unread secure message from Payroll Department. Access document: https://payroll-update725.com/login.php
ham,"Hi Vikram, let's catch up for lunch today around 1:00 PM if you're free."
spam,"Dear SBI user, your YONO account has been blocked due to unverified PAN card. Please update immediately: http://bit.ly/sbi-yono-update7184620963 or call +91-103."
ham,Are you free tonight? Let's go to that cafe.
spam,Your pending invoice #350.pdf is ready for download. Click here: https://billing-doc8436470.com/invoice.exe
spam,"Dear customer, your loan of Rs. 3,50,000 is approved at 2% interest rate. No CIBIL score required. Call loan officer at +91-9635958838 to disburse funds."
ham,"Sorry for the late reply bro, was stuck in heavy traffic."
spam,"Dear consumer, your electricity power will be disconnected tonight at 9:30 PM because your previous month bill was not updated. Please call our electricity officer at +91-7211688752 immediately."
ham,"Hi Rahul, can we reschedule our meeting to tomorrow at 7 PM? Thanks."
ham,"Please call me at +91-Priya immediately, need some help."
ham,Your monthly mobile postpaid bill of Rs. 1562 is due on 877038. Pay via Airtel Thanks App to avoid late charges.
spam,Your parcel delivery has failed due to missing street address. Update your address within 12 hours: http://courier-address-fix9913174924.top or call driver +91-169.
ham,"Mom said dinner is ready, come home soon."
ham,Your order from Zomato is on its way. Delivery partner is moving towards your location.
spam,URGENT: Your bank account has been temporarily locked due to suspicious activity. Verify immediately: https://secure-bank-verify32.com/login
spam,"Congratulations! Your mobile number has won Rs. 25,00,000 in KBC All India Lucky Draw. Call executive at +91-7328564838 to claim your prize cheque."
ham,Your flight booking reference Tanvi from Mumbai to Delhi is confirmed for departure at 7.
spam,"Credit card limit increased to Rs. 5,00,000 without income proof! Claim your pre-approved card now: http://card-upgrade7335126396.xyz or WhatsApp +91-676."
ham,Are you free tonight? Let's go to that cafe.
spam,FINAL WARNING: Your email account will be permanently deactivated within 24 hours. Click to reactivate: https://mail-security-desk23.net/verify
ham,Your OTP for online transaction of Rs. 622 at Amazon is 925736. Valid for 10 mins. Do not share OTP with anyone. - HDFC Bank
spam,"Credit card limit increased to Rs. 5,00,000 without income proof! Claim your pre-approved card now: http://card-upgrade8853997708.xyz or WhatsApp +91-651."
ham,"Sorry for the late reply bro, was stuck in heavy traffic."
spam,Crypto Alert: Deposit 0.1 BTC and receive 1.0 BTC within 24 hours guaranteed! Join: http://crypto-doubler248.top/invest
spam,URGENT: Your bank account has been temporarily locked due to suspicious activity. Verify immediately: https://secure-bank-verify746.com/login
ham,Your OTP for online transaction of Rs. 1198 at Amazon is 437091. Valid for 10 mins. Do not share OTP with anyone. - HDFC Bank
ham,Please find attached the project status report for QRahul review. Let me know your thoughts.
spam,URGENT: Your bank account has been temporarily locked due to suspicious activity. Verify immediately: https://secure-bank-verify71.com/login
ham,"I lost my phone, this is my new temporary number +91-Aditya, save it."
ham,"Dear Tanvi, your monthly bank statement for account ending in 3 is ready for viewing in your portal."
spam,Exclusive Offer: 90% discount on luxury watches and electronics. Limited stock available: http://discount-store644.xyz/shop
spam,Congratulations! You have won Rs. 498 in the international lottery. Claim your reward now: http://claim-prize1300504.xyz/bonus
ham,"Bro, did you complete the homework for tomorrow's class?"
ham,Can you pay Rs. Ananya for the pizza? I will give you cash tonight.
spam,"Congratulations! Your mobile number has won Rs. 25,00,000 in KBC All India Lucky Draw. Call executive at +91-7942956434 to claim your prize cheque."
ham,"Hey bro, call me urgently at +91-Ananya when you are free, need your help."
spam,FINAL WARNING: Your email account will be permanently deactivated within 24 hours. Click to reactivate: https://mail-security-desk320.net/verify
spam,Congratulations! You have won Rs. 805 in the international lottery. Claim your reward now: http://claim-prize138068.xyz/bonus
spam,URGENT: Your bank account has been temporarily locked due to suspicious activity. Verify immediately: https://secure-bank-verify285.com/login
spam,Part-time job offer: Earn Rs. 2000 to Rs. 6000 daily from home by simply liking YouTube videos! Contact on WhatsApp +1 (555) 349-7118561802 now.
spam,URGENT: Your SIM card KYC is incomplete. Your outgoing calls will be stopped in 24 hrs. Call customer care helpline at 1800-7007206879 or +91-555 immediately.
spam,"Dear SBI user, your YONO account has been blocked due to unverified PAN card. Please update immediately: http://bit.ly/sbi-yono-update8490290383 or call +91-494."
ham,Thank you for your order #Aditya. Your package has been dispatched and will arrive by 3.
ham,Your cab driver 4401 (+91 97283128) has arrived at your pickup location. PIN is 4460.
spam,URGENT: Your bank account has been temporarily locked due to suspicious activity. Verify immediately: https://secure-bank-verify146.com/login
ham,Your package with tracking #6122 will be delivered today by courier. Contact delivery associate at +91 98956111 to coordinate.
ham,Happy birthday bro! Have an awesome year ahead!
spam,Your parcel delivery has failed due to missing street address. Update your address within 12 hours: http://courier-address-fix7675617075.top or call driver +91-403.
spam,You have 1 new unread secure message from Payroll Department. Access document: https://payroll-update325.com/login.php
spam,Your pending invoice #735.pdf is ready for download. Click here: https://billing-doc9489184.com/invoice.exe
ham,"Bro, did you complete the homework for tomorrow's class?"
ham,Are you awake? Give me a quick ring when you see this.
ham,Your monthly mobile postpaid bill of Rs. 7250 is due on 513020. Pay via Airtel Thanks App to avoid late charges.
ham,Watch this funny clip: https://youtu.be/Aditya
ham,Your OTP for online transaction of Rs. 9876 at Amazon is 664414. Valid for 10 mins. Do not share OTP with anyone. - HDFC Bank
ham,"Dear customer, cash withdrawal of Rs. 2466 from ATM at 795847 was successful. - ICICI Bank"
ham,Please submit your semester assignment before Friday 5:00 PM on the university portal.
ham,Your package with tracking #14609 will be delivered today by courier. Contact delivery associate at +91 98421068 to coordinate.
ham,Your order from Zomato is on its way. Delivery partner is moving towards your location.
ham,"Dear Tanvi, your monthly bank statement for account ending in 1 is ready for viewing in your portal."
ham,"Bro, did you complete the homework for tomorrow's class?"
ham,"Dear customer, cash withdrawal of Rs. 10148 from ATM at 672996 was successful. - ICICI Bank"
spam,"Congratulations! Your mobile number has won Rs. 25,00,000 in KBC All India Lucky Draw. Call executive at +91-8152645296 to claim your prize cheque."
spam,"Dear consumer, your electricity power will be disconnected tonight at 9:30 PM because your previous month bill was not updated. Please call our electricity officer at +91-7554183857 immediately."
spam,Part-time job offer: Earn Rs. 2000 to Rs. 6000 daily from home by simply liking YouTube videos! Contact on WhatsApp +1 (555) 349-8537350556 now.
ham,"Hey dad, reached the station safely, booking cab now."
ham,Your flight booking reference Vikram from Mumbai to Delhi is confirmed for departure at 12.
spam,Your parcel delivery has failed due to missing street address. Update your address within 12 hours: http://courier-address-fix8500273904.top or call driver +91-501.
ham,"Hi Aditya, could you review the pull request for the authentication module when you have a moment?"
ham,Hey are you coming to class today? Professor is taking attendance.
spam,Earn $5000 weekly working from home with no experience needed! Sign up today: http://quick-cash-scheme281.biz/register
ham,Receipt for your recent payment of Rs. Aditya to Electric Utility Services.
ham,Can you share Rohan's contact number with me?
ham,Your cab driver 4734 (+91 97532674) has arrived at your pickup location. PIN is 5240.
ham,"Hey bro, call me urgently at +91-Amit when you are free, need your help."
spam,Earn $5000 weekly working from home with no experience needed! Sign up today: http://quick-cash-scheme529.biz/register
ham,"I lost my phone, this is my new temporary number +91-Vikram, save it."
spam,FINAL WARNING: Your email account will be permanently deactivated within 24 hours. Click to reactivate: https://mail-security-desk682.net/verify
ham,Your package with tracking #5060 will be delivered today by courier. Contact delivery associate at +91 98463130 to coordinate.
ham,Please submit your semester assignment before Friday 5:00 PM on the university portal.
spam,Earn $5000 weekly working from home with no experience needed! Sign up today: http://quick-cash-scheme280.biz/register
spam,"Credit card limit increased to Rs. 5,00,000 without income proof! Claim your pre-approved card now: http://card-upgrade7456759534.xyz or WhatsApp +91-814."
spam,Crypto Alert: Deposit 0.1 BTC and receive 1.0 BTC within 24 hours guaranteed! Join: http://crypto-doubler746.top/invest
spam,"Credit card limit increased to Rs. 5,00,000 without income proof! Claim your pre-approved card now: http://card-upgrade9342805527.xyz or WhatsApp +91-543."
spam,"Dear Customer, you received a tax refund of Rs. 355. Submit your bank credentials to deposit: https://incometax-refund-portal818885.org/claim"
ham,Thank you for your order #Kavita. Your package has been dispatched and will arrive by 3.
ham,"Hey Kavita, I have reached the restaurant. Let me know when you arrive."
spam,"Credit card limit increased to Rs. 5,00,000 without income proof! Claim your pre-approved card now: http://card-upgrade8500127889.xyz or WhatsApp +91-859."
ham,"Please pick up the phone, need to ask you something urgent."
spam,URGENT: Your bank account has been temporarily locked due to suspicious activity. Verify immediately: https://secure-bank-verify778.com/login
ham,Your OTP for online transaction of Rs. 13054 at Amazon is 636198. Valid for 10 mins. Do not share OTP with anyone. - HDFC Bank
spam,"Dear customer, your loan of Rs. 3,50,000 is approved at 2% interest rate. No CIBIL score required. Call loan officer at +91-7045923405 to disburse funds."
spam,Crypto Alert: Deposit 0.1 BTC and receive 1.0 BTC within 24 hours guaranteed! Join: http://crypto-doubler851.top/invest
spam,"Credit card limit increased to Rs. 5,00,000 without income proof! Claim your pre-approved card now: http://card-upgrade9617294635.xyz or WhatsApp +91-819."
spam,Security Alert! Unauthorized login attempt detected from IP 182. Confirm your password here: http://7373968/account/update
spam,URGENT: Your SIM card KYC is incomplete. Your outgoing calls will be stopped in 24 hrs. Call customer care helpline at 1800-8804491932 or +91-556 immediately.
ham,"Mom said dinner is ready, come home soon."
spam,Your parcel delivery has failed due to missing street address. Update your address within 12 hours: http://courier-address-fix8973633049.top or call driver +91-226.
spam,"Credit card limit increased to Rs. 5,00,000 without income proof! Claim your pre-approved card now: http://card-upgrade9852640602.xyz or WhatsApp +91-275."
ham,"Dear Customer, your A/C ending 9470 is credited with Rs. 178188 on 7371. Avail Bal: Rs. 59833. - SBI"
ham,Can you send the lecture notes from yesterday?
spam,"Dear consumer, your electricity power will be disconnected tonight at 9:30 PM because your previous month bill was not updated. Please call our electricity officer at +91-9446152269 immediately."
ham,"Hi Sneha, let's catch up for lunch today around 1:00 PM if you're free."
spam,"Dear SBI user, your YONO account has been blocked due to unverified PAN card. Please update immediately: http://bit.ly/sbi-yono-update7461966420 or call +91-302."
spam,Exclusive Offer: 90% discount on luxury watches and electronics. Limited stock available: http://discount-store385.xyz/shop
spam,Congratulations! You have won Rs. 148 in the international lottery. Claim your reward now: http://claim-prize4992538.xyz/bonus
ham,Reminder: The weekly engineering standup will start in 15 minutes on Google Meet.
ham,"Hi Amit, can we reschedule our meeting to tomorrow at 8 PM? Thanks."
spam,Exclusive Offer: 90% discount on luxury watches and electronics. Limited stock available: http://discount-store551.xyz/shop
spam,You have 1 new unread secure message from Payroll Department. Access document: https://payroll-update446.com/login.php
ham,Reminder: The weekly engineering standup will start in 15 minutes on Google Meet.
ham,"Hi Priya, can we reschedule our meeting to tomorrow at 2 PM? Thanks."
ham,Your package with tracking #3447 will be delivered today by courier. Contact delivery associate at +91 98842716 to coordinate.
ham,"Dear Customer, your A/C ending 3497 is credited with Rs. 682278 on 6820. Avail Bal: Rs. 22710. - SBI"
spam,Your pending invoice #389.pdf is ready for download. Click here: https://billing-doc198859.com/invoice.exe
spam,URGENT: Your bank account has been temporarily locked due to suspicious activity. Verify immediately: https://secure-bank-verify241.com/login
ham,Your order from Zomato is on its way. Delivery partner is moving towards your location.
spam,Part-time job offer: Earn Rs. 2000 to Rs. 6000 daily from home by simply liking YouTube videos! Contact on WhatsApp +1 (555) 349-7437535216 now.
ham,"Hi all, please note the office will remain closed on Monday on account of public holiday."
spam,Congratulations! You have won Rs. 339 in the international lottery. Claim your reward now: http://claim-prize6101917.xyz/bonus
ham,"Hi Aditya, can we reschedule our meeting to tomorrow at 12 PM? Thanks."
spam,"Dear Customer, you received a tax refund of Rs. 340. Submit your bank credentials to deposit: https://incometax-refund-portal6033064.org/claim"
ham,Your monthly mobile postpaid bill of Rs. 7496 is due on 354455. Pay via Airtel Thanks App to avoid late charges.
ham,"Sorry for the late reply bro, was stuck in heavy traffic."
ham,Your order from Zomato is on its way. Delivery partner is moving towards your location.
spam,"Credit card limit increased to Rs. 5,00,000 without income proof! Claim your pre-approved card now: http://card-upgrade8297825904.xyz or WhatsApp +91-411."
ham,Check this GitHub repository for the code implementation: https://github.com/team-dev/repoAnanya
ham,Your order from Zomato is on its way. Delivery partner is moving towards your location.
ham,Here is the shared project document: https://docs.google.com/document/d/projKavita - please review.
spam,Congratulations! You have won Rs. 417 in the international lottery. Claim your reward now: http://claim-prize7966327.xyz/bonus
spam,"Congratulations! Your mobile number has won Rs. 25,00,000 in KBC All India Lucky Draw. Call executive at +91-8721759656 to claim your prize cheque."
spam,URGENT: Your bank account has been temporarily locked due to suspicious activity. Verify immediately: https://secure-bank-verify814.com/login
spam,"Dear customer, your loan of Rs. 3,50,000 is approved at 2% interest rate. No CIBIL score required. Call loan officer at +91-8872166863 to disburse funds."
spam,URGENT: Your bank account has been temporarily locked due to suspicious activity. Verify immediately: https://secure-bank-verify836.com/login
ham,Can you transfer money for movie tickets? My UPI is not working.
ham,"Hey Sameer, I have reached the restaurant. Let me know when you arrive."
ham,"Hey Sameer, I have reached the restaurant. Let me know when you arrive."
spam,You have 1 new unread secure message from Payroll Department. Access document: https://payroll-update693.com/login.php
spam,"Credit card limit increased to Rs. 5,00,000 without income proof! Claim your pre-approved card now: http://card-upgrade7675197506.xyz or WhatsApp +91-163."
spam,Your parcel delivery has failed due to missing street address. Update your address within 12 hours: http://courier-address-fix8086857129.top or call driver +91-314.
ham,Your OTP for online transaction of Rs. 6850 at Amazon is 521629. Valid for 10 mins. Do not share OTP with anyone. - HDFC Bank
ham,Watch this funny clip: https://youtu.be/Kavita
spam,"Dear Customer, you received a tax refund of Rs. 59. Submit your bank credentials to deposit: https://incometax-refund-portal3472587.org/claim"
spam,Part-time job offer: Earn Rs. 2000 to Rs. 6000 daily from home by simply liking YouTube videos! Contact on WhatsApp +1 (555) 349-8379691428 now.
spam,"Credit card limit increased to Rs. 5,00,000 without income proof! Claim your pre-approved card now: http://card-upgrade8432547813.xyz or WhatsApp +91-116."
ham,Your monthly mobile postpaid bill of Rs. 12934 is due on 973000. Pay via Airtel Thanks App to avoid late charges.
ham,Your package with tracking #8832 will be delivered today by courier. Contact delivery associate at +91 98892848 to coordinate.
spam,"Dear customer, your loan of Rs. 3,50,000 is approved at 2% interest rate. No CIBIL score required. Call loan officer at +91-7901878691 to disburse funds."
ham,Are you free tonight? Let's go to that cafe.
ham,Please submit your semester assignment before Friday 5:00 PM on the university portal.
ham,Here is the shared project document: https://docs.google.com/document/d/projPriya - please review.
ham,"Mom said dinner is ready, come home soon."
spam,Your parcel delivery has failed due to missing street address. Update your address within 12 hours: http://courier-address-fix9455315362.top or call driver +91-675.
spam,Exclusive Offer: 90% discount on luxury watches and electronics. Limited stock available: http://discount-store989.xyz/shop
ham,Receipt for your recent payment of Rs. Aditya to Electric Utility Services.
ham,Watch this funny clip: https://youtu.be/Sneha
ham,"Hi Kavita, let's catch up for lunch today around 1:00 PM if you're free."
ham,"Hi Aditya, let's catch up for lunch today around 1:00 PM if you're free."
ham,Please submit your semester assignment before Friday 5:00 PM on the university portal.
ham,Please submit your semester assignment before Friday 5:00 PM on the university portal.
spam,Your pending invoice #734.pdf is ready for download. Click here: https://billing-doc3315646.com/invoice.exe
ham,"Dear Priya, your monthly bank statement for account ending in 12 is ready for viewing in your portal."
spam,"Dear SBI user, your YONO account has been blocked due to unverified PAN card. Please update immediately: http://bit.ly/sbi-yono-update7179993802 or call +91-790."
spam,"Dear SBI user, your YONO account has been blocked due to unverified PAN card. Please update immediately: http://bit.ly/sbi-yono-update7085559938 or call +91-630."
ham,Happy birthday bro! Have an awesome year ahead!
ham,"Hey Aditya, can you send me Rs. 7444005520 on GPay? Will return it tomorrow."
ham,Thanks for your help with the bug in the code earlier.
spam,Your parcel delivery has failed due to missing street address. Update your address within 12 hours: http://courier-address-fix9284306091.top or call driver +91-765.
ham,Reminder: Your doctor appointment is scheduled for tomorrow at 6536 PM at City Clinic.
ham,Are you awake? Give me a quick ring when you see this.
spam,Exclusive Offer: 90% discount on luxury watches and electronics. Limited stock available: http://discount-store84.xyz/shop
spam,Congratulations! You have won Rs. 547 in the international lottery. Claim your reward now: http://claim-prize5397454.xyz/bonus
spam,Earn $5000 weekly working from home with no experience needed! Sign up today: http://quick-cash-scheme63.biz/register
spam,Your pending invoice #556.pdf is ready for download. Click here: https://billing-doc5765086.com/invoice.exe
ham,Please submit your semester assignment before Friday 5:00 PM on the university portal.
ham,"Call me urgently, it is important."
spam,"Dear Customer, you received a tax refund of Rs. 830. Submit your bank credentials to deposit: https://incometax-refund-portal9556464.org/claim"
spam,"Dear consumer, your electricity power will be disconnected tonight at 9:30 PM because your previous month bill was not updated. Please call our electricity officer at +91-7703557089 immediately."
ham,"Dear Kavita, your monthly bank statement for account ending in 6 is ready for viewing in your portal."
spam,"Dear SBI user, your YONO account has been blocked due to unverified PAN card. Please update immediately: http://bit.ly/sbi-yono-update7971324148 or call +91-302."
ham,Your order from Zomato is on its way. Delivery partner is moving towards your location.
ham,Please submit your semester assignment before Friday 5:00 PM on the university portal.
spam,Part-time job offer: Earn Rs. 2000 to Rs. 6000 daily from home by simply liking YouTube videos! Contact on WhatsApp +1 (555) 349-8220553343 now.
ham,"Hey bro, call me urgently at +91-Rahul when you are free, need your help."
ham,Your package with tracking #11511 will be delivered today by courier. Contact delivery associate at +91 98931056 to coordinate.
ham,Read this article when free: https://wikipedia.org/wiki/TopicVikram
spam,Your pending invoice #344.pdf is ready for download. Click here: https://billing-doc4320432.com/invoice.exe
spam,Exclusive Offer: 90% discount on luxury watches and electronics. Limited stock available: http://discount-store858.xyz/shop
spam,Security Alert! Unauthorized login attempt detected from IP 68. Confirm your password here: http://2259726/account/update
ham,Reminder: Your doctor appointment is scheduled for tomorrow at 11678 PM at City Clinic.
ham,"Hey dad, reached the station safely, booking cab now."
spam,"Dear customer, your loan of Rs. 3,50,000 is approved at 2% interest rate. No CIBIL score required. Call loan officer at +91-7815342252 to disburse funds."
ham,Your flight booking reference Priya from Mumbai to Delhi is confirmed for departure at 3.
ham,"Hi all, please note the office will remain closed on Monday on account of public holiday."
spam,"Congratulations! Your mobile number has won Rs. 25,00,000 in KBC All India Lucky Draw. Call executive at +91-7495339018 to claim your prize cheque."
ham,Reminder: Your doctor appointment is scheduled for tomorrow at 6870 PM at City Clinic.
spam,"Credit card limit increased to Rs. 5,00,000 without income proof! Claim your pre-approved card now: http://card-upgrade8004386602.xyz or WhatsApp +91-877."
ham,Your cab driver 4436 (+91 97900613) has arrived at your pickup location. PIN is 2199.
spam,Part-time job offer: Earn Rs. 2000 to Rs. 6000 daily from home by simply liking YouTube videos! Contact on WhatsApp +1 (555) 349-8533359343 now.
ham,"Hey Rahul, can you send me Rs. 7317518480 on GPay? Will return it tomorrow."
spam,URGENT: Your bank account has been temporarily locked due to suspicious activity. Verify immediately: https://secure-bank-verify197.com/login
spam,Part-time job offer: Earn Rs. 2000 to Rs. 6000 daily from home by simply liking YouTube videos! Contact on WhatsApp +1 (555) 349-9794583131 now.
spam,"Dear Customer, you received a tax refund of Rs. 540. Submit your bank credentials to deposit: https://incometax-refund-portal855775.org/claim"
spam,Congratulations! You have won Rs. 167 in the international lottery. Claim your reward now: http://claim-prize6211235.xyz/bonus
spam,Earn $5000 weekly working from home with no experience needed! Sign up today: http://quick-cash-scheme440.biz/register
ham,Your appointment with Dr. Sharma has been booked for tomorrow at 4:30 PM.
spam,"Credit card limit increased to Rs. 5,00,000 without income proof! Claim your pre-approved card now: http://card-upgrade9999477529.xyz or WhatsApp +91-924."
spam,Exclusive Offer: 90% discount on luxury watches and electronics. Limited stock available: http://discount-store831.xyz/shop
ham,Reminder: The weekly engineering standup will start in 15 minutes on Google Meet.
ham,Your order from Zomato is on its way. Delivery partner is moving towards your location.
ham,"Hi all, please note the office will remain closed on Monday on account of public holiday."
spam,"Dear Customer, you received a tax refund of Rs. 167. Submit your bank credentials to deposit: https://incometax-refund-portal8373934.org/claim"
ham,"Dear Customer, your A/C ending 12685 is credited with Rs. 823873 on 3923. Avail Bal: Rs. 53852. - SBI"
ham,"Hey Soham, I have reached the restaurant. Let me know when you arrive."
spam,"Credit card limit increased to Rs. 5,00,000 without income proof! Claim your pre-approved card now: http://card-upgrade7724386327.xyz or WhatsApp +91-352."
ham,Your monthly mobile postpaid bill of Rs. 2531 is due on 988858. Pay via Airtel Thanks App to avoid late charges.
ham,Read this article when free: https://wikipedia.org/wiki/TopicAnanya
ham,Your monthly mobile postpaid bill of Rs. 2600 is due on 380417. Pay via Airtel Thanks App to avoid late charges.
spam,Your pending invoice #373.pdf is ready for download. Click here: https://billing-doc1520985.com/invoice.exe
spam,Security Alert! Unauthorized login attempt detected from IP 68. Confirm your password here: http://8279868/account/update
spam,"Congratulations! Your mobile number has won Rs. 25,00,000 in KBC All India Lucky Draw. Call executive at +91-8801169788 to claim your prize cheque."
ham,"Hi Kavita, could you review the pull request for the authentication module when you have a moment?"
spam,Exclusive Offer: 90% discount on luxury watches and electronics. Limited stock available: http://discount-store687.xyz/shop
ham,Your cab driver 8742 (+91 97648302) has arrived at your pickup location. PIN is 8878.
spam,FINAL WARNING: Your email account will be permanently deactivated within 24 hours. Click to reactivate: https://mail-security-desk718.net/verify
ham,Your monthly mobile postpaid bill of Rs. 14630 is due on 441183. Pay via Airtel Thanks App to avoid late charges.
spam,"Dear SBI user, your YONO account has been blocked due to unverified PAN card. Please update immediately: http://bit.ly/sbi-yono-update8904481709 or call +91-440."
spam,FINAL WARNING: Your email account will be permanently deactivated within 24 hours. Click to reactivate: https://mail-security-desk748.net/verify
spam,URGENT: Your SIM card KYC is incomplete. Your outgoing calls will be stopped in 24 hrs. Call customer care helpline at 1800-9784486252 or +91-364 immediately.
ham,Your monthly mobile postpaid bill of Rs. 12015 is due on 808943. Pay via Airtel Thanks App to avoid late charges.
spam,Security Alert! Unauthorized login attempt detected from IP 831. Confirm your password here: http://1191487/account/update
spam,"Credit card limit increased to Rs. 5,00,000 without income proof! Claim your pre-approved card now: http://card-upgrade8681916066.xyz or WhatsApp +91-929."
ham,Bhai where are you? Waiting outside the metro station.
ham,Can you share Aditya's contact number with me?
ham,"Bhai, call me at +91-Sneha as soon as possible."
ham,Thanks for your help with the bug in the code earlier.
spam,Crypto Alert: Deposit 0.1 BTC and receive 1.0 BTC within 24 hours guaranteed! Join: http://crypto-doubler362.top/invest
spam,Earn $5000 weekly working from home with no experience needed! Sign up today: http://quick-cash-scheme934.biz/register
spam,FINAL WARNING: Your email account will be permanently deactivated within 24 hours. Click to reactivate: https://mail-security-desk697.net/verify
ham,"Dear Customer, your A/C ending 9146 is credited with Rs. 937219 on 5182. Avail Bal: Rs. 52663. - SBI"
spam,Earn $5000 weekly working from home with no experience needed! Sign up today: http://quick-cash-scheme183.biz/register
ham,"Hi Ananya, could you review the pull request for the authentication module when you have a moment?"
ham,Check this GitHub repository for the code implementation: https://github.com/team-dev/repoVikram
spam,You have 1 new unread secure message from Payroll Department. Access document: https://payroll-update671.com/login.php
spam,"Credit card limit increased to Rs. 5,00,000 without income proof! Claim your pre-approved card now: http://card-upgrade7717158961.xyz or WhatsApp +91-910."
spam,"Credit card limit increased to Rs. 5,00,000 without income proof! Claim your pre-approved card now: http://card-upgrade7544778191.xyz or WhatsApp +91-867."
spam,URGENT: Your bank account has been temporarily locked due to suspicious activity. Verify immediately: https://secure-bank-verify900.com/login
spam,Crypto Alert: Deposit 0.1 BTC and receive 1.0 BTC within 24 hours guaranteed! Join: http://crypto-doubler994.top/invest
ham,Your monthly mobile postpaid bill of Rs. 4980 is due on 719322. Pay via Airtel Thanks App to avoid late charges.
spam,URGENT: Your bank account has been temporarily locked due to suspicious activity. Verify immediately: https://secure-bank-verify350.com/login
ham,Reminder: The weekly engineering standup will start in 15 minutes on Google Meet.
ham,Thanks for your help with the bug in the code earlier.
spam,"Dear customer, your loan of Rs. 3,50,000 is approved at 2% interest rate. No CIBIL score required. Call loan officer at +91-9427935049 to disburse funds."
spam,"Dear SBI user, your YONO account has been blocked due to unverified PAN card. Please update immediately: http://bit.ly/sbi-yono-update9097577893 or call +91-667."
spam,Part-time job offer: Earn Rs. 2000 to Rs. 6000 daily from home by simply liking YouTube videos! Contact on WhatsApp +1 (555) 349-7107175876 now.
spam,"Dear customer, your loan of Rs. 3,50,000 is approved at 2% interest rate. No CIBIL score required. Call loan officer at +91-8115485847 to disburse funds."
spam,"Credit card limit increased to Rs. 5,00,000 without income proof! Claim your pre-approved card now: http://card-upgrade9727157577.xyz or WhatsApp +91-247."
spam,"Dear customer, your loan of Rs. 3,50,000 is approved at 2% interest rate. No CIBIL score required. Call loan officer at +91-9005733909 to disburse funds."
ham,Please find attached the project status report for QPriya review. Let me know your thoughts.
ham,"Hi all, please note the office will remain closed on Monday on account of public holiday."
ham,Can you share the assignment PDF with me?
spam,Exclusive Offer: 90% discount on luxury watches and electronics. Limited stock available: http://discount-store596.xyz/shop
ham,Check this out: https://youtube.com/watch?v=Rohan
spam,"Dear consumer, your electricity power will be disconnected tonight at 9:30 PM because your previous month bill was not updated. Please call our electricity officer at +91-7688692102 immediately."
spam,URGENT: Your bank account has been temporarily locked due to suspicious activity. Verify immediately: https://secure-bank-verify362.com/login
ham,Check this out: https://youtube.com/watch?v=Soham
spam,"Credit card limit increased to Rs. 5,00,000 without income proof! Claim your pre-approved card now: http://card-upgrade8671726170.xyz or WhatsApp +91-858."
ham,Can you share the assignment PDF with me?
ham,"Dear Ananya, your monthly bank statement for account ending in 1 is ready for viewing in your portal."
spam,"Congratulations! Your mobile number has won Rs. 25,00,000 in KBC All India Lucky Draw. Call executive at +91-7882308345 to claim your prize cheque."
spam,URGENT: Your bank account has been temporarily locked due to suspicious activity. Verify immediately: https://secure-bank-verify116.com/login
ham,Please find attached the project status report for QAmit review. Let me know your thoughts.
ham,Your monthly mobile postpaid bill of Rs. 10425 is due on 657620. Pay via Airtel Thanks App to avoid late charges.
ham,Can you send the lecture notes from yesterday?
ham,"Hey Aditya, I have reached the restaurant. Let me know when you arrive."
spam,Your parcel delivery has failed due to missing street address. Update your address within 12 hours: http://courier-address-fix8595247932.top or call driver +91-986.
spam,"Dear customer, your loan of Rs. 3,50,000 is approved at 2% interest rate. No CIBIL score required. Call loan officer at +91-8061065732 to disburse funds."
ham,"Congratulations on getting the job offer, so proud of you!"
spam,Security Alert! Unauthorized login attempt detected from IP 34. Confirm your password here: http://2459945/account/update
ham,"Please pick up the phone, need to ask you something urgent."
ham,"Hi Rahul, could you review the pull request for the authentication module when you have a moment?"
ham,Reminder: The weekly engineering standup will start in 15 minutes on Google Meet.
spam,Crypto Alert: Deposit 0.1 BTC and receive 1.0 BTC within 24 hours guaranteed! Join: http://crypto-doubler923.top/invest
ham,Reminder: Your doctor appointment is scheduled for tomorrow at 6970 PM at City Clinic.
ham,"Hi Sameer, let's catch up for lunch today around 1:00 PM if you're free."
spam,URGENT: Your SIM card KYC is incomplete. Your outgoing calls will be stopped in 24 hrs. Call customer care helpline at 1800-9287323153 or +91-294 immediately.
spam,"Dear Customer, you received a tax refund of Rs. 998. Submit your bank credentials to deposit: https://incometax-refund-portal3538837.org/claim"
spam,Part-time job offer: Earn Rs. 2000 to Rs. 6000 daily from home by simply liking YouTube videos! Contact on WhatsApp +1 (555) 349-9205690254 now.
ham,Hey are you coming to class today? Professor is taking attendance.
spam,"Dear customer, your loan of Rs. 3,50,000 is approved at 2% interest rate. No CIBIL score required. Call loan officer at +91-9580870095 to disburse funds."
ham,Can you transfer money for movie tickets? My UPI is not working.
spam,You have 1 new unread secure message from Payroll Department. Access document: https://payroll-update730.com/login.php
ham,Happy birthday bro! Have an awesome year ahead!
ham,"Hey dude, what time does the match start today?"
spam,"Credit card limit increased to Rs. 5,00,000 without income proof! Claim your pre-approved card now: http://card-upgrade8120779287.xyz or WhatsApp +91-912."
spam,URGENT: Your SIM card KYC is incomplete. Your outgoing calls will be stopped in 24 hrs. Call customer care helpline at 1800-9220545490 or +91-803 immediately.
ham,"Hey team, the sprint planning session is confirmed for Soham at 10:00 AM."
ham,"Hey team, the sprint planning session is confirmed for Rahul at 10:00 AM."
spam,URGENT: Your SIM card KYC is incomplete. Your outgoing calls will be stopped in 24 hrs. Call customer care helpline at 1800-8092214153 or +91-657 immediately.
spam,FINAL WARNING: Your email account will be permanently deactivated within 24 hours. Click to reactivate: https://mail-security-desk682.net/verify
spam,Congratulations! You have won Rs. 142 in the international lottery. Claim your reward now: http://claim-prize1050195.xyz/bonus
spam,"Dear Customer, you received a tax refund of Rs. 443. Submit your bank credentials to deposit: https://incometax-refund-portal1716983.org/claim"
ham,"Hi all, please note the office will remain closed on Monday on account of public holiday."
ham,Let's meet at the library around Soham PM to finish the group project.
ham,"Sorry for the late reply bro, was stuck in heavy traffic."
spam,Exclusive Offer: 90% discount on luxury watches and electronics. Limited stock available: http://discount-store392.xyz/shop
spam,Your pending invoice #921.pdf is ready for download. Click here: https://billing-doc9056619.com/invoice.exe
ham,Your order from Zomato is on its way. Delivery partner is moving towards your location.
spam,Your pending invoice #267.pdf is ready for download. Click here: https://billing-doc3040176.com/invoice.exe
ham,Reminder: Your doctor appointment is scheduled for tomorrow at 10316 PM at City Clinic.
ham,Here are the notes and action items from yesterday's discussion with the client.
ham,"Please call me at +91-Aditya immediately, need some help."
ham,Your package with tracking #10295 will be delivered today by courier. Contact delivery associate at +91 98466943 to coordinate.
spam,"Dear consumer, your electricity power will be disconnected tonight at 9:30 PM because your previous month bill was not updated. Please call our electricity officer at +91-7332517578 immediately."
spam,URGENT: Your bank account has been temporarily locked due to suspicious activity. Verify immediately: https://secure-bank-verify477.com/login
ham,Can you send the lecture notes from yesterday?
ham,"Call me urgently, it is important."
spam,You have 1 new unread secure message from Payroll Department. Access document: https://payroll-update733.com/login.php
spam,Part-time job offer: Earn Rs. 2000 to Rs. 6000 daily from home by simply liking YouTube videos! Contact on WhatsApp +1 (555) 349-7416321244 now.
spam,Security Alert! Unauthorized login attempt detected from IP 430. Confirm your password here: http://4316392/account/update
spam,URGENT: Your SIM card KYC is incomplete. Your outgoing calls will be stopped in 24 hrs. Call customer care helpline at 1800-9784850185 or +91-131 immediately.
ham,"Dear Customer, your A/C ending 3323 is credited with Rs. 127921 on 4862. Avail Bal: Rs. 64968. - SBI"
spam,FINAL WARNING: Your email account will be permanently deactivated within 24 hours. Click to reactivate: https://mail-security-desk370.net/verify
spam,"Dear customer, your loan of Rs. 3,50,000 is approved at 2% interest rate. No CIBIL score required. Call loan officer at +91-7258611402 to disburse funds."
spam,"Dear customer, your loan of Rs. 3,50,000 is approved at 2% interest rate. No CIBIL score required. Call loan officer at +91-9299416880 to disburse funds."
ham,Are you free tonight? Let's go to that cafe.
spam,Your pending invoice #453.pdf is ready for download. Click here: https://billing-doc4577412.com/invoice.exe
spam,"Dear Customer, you received a tax refund of Rs. 72. Submit your bank credentials to deposit: https://incometax-refund-portal805507.org/claim"
spam,URGENT: Your SIM card KYC is incomplete. Your outgoing calls will be stopped in 24 hrs. Call customer care helpline at 1800-9869371371 or +91-949 immediately.
spam,Part-time job offer: Earn Rs. 2000 to Rs. 6000 daily from home by simply liking YouTube videos! Contact on WhatsApp +1 (555) 349-9991965162 now.
spam,You have 1 new unread secure message from Payroll Department. Access document: https://payroll-update533.com/login.php
spam,"Dear customer, your loan of Rs. 3,50,000 is approved at 2% interest rate. No CIBIL score required. Call loan officer at +91-7224115907 to disburse funds."
spam,"Dear Customer, you received a tax refund of Rs. 89. Submit your bank credentials to deposit: https://incometax-refund-portal8860891.org/claim"
ham,Please find attached the project status report for QRahul review. Let me know your thoughts.
spam,"Dear Customer, you received a tax refund of Rs. 395. Submit your bank credentials to deposit: https://incometax-refund-portal6916339.org/claim"
ham,"Please call me at +91-Sneha immediately, need some help."
ham,Here is the shared project document: https://docs.google.com/document/d/projTanvi - please review.
ham,"Hey dude, what time does the match start today?"
spam,"Dear consumer, your electricity power will be disconnected tonight at 9:30 PM because your previous month bill was not updated. Please call our electricity officer at +91-9525126690 immediately."
ham,Your flight booking reference Rahul from Mumbai to Delhi is confirmed for departure at 5.
spam,"Congratulations! Your mobile number has won Rs. 25,00,000 in KBC All India Lucky Draw. Call executive at +91-8897310580 to claim your prize cheque."
ham,Please find attached the project status report for QSneha review. Let me know your thoughts.
spam,You have 1 new unread secure message from Payroll Department. Access document: https://payroll-update794.com/login.php
spam,"Dear SBI user, your YONO account has been blocked due to unverified PAN card. Please update immediately: http://bit.ly/sbi-yono-update7417510914 or call +91-211."
ham,"Call me urgently, it is important."
ham,Your package with tracking #3236 will be delivered today by courier. Contact delivery associate at +91 98744903 to coordinate.
spam,URGENT: Your bank account has been temporarily locked due to suspicious activity. Verify immediately: https://secure-bank-verify970.com/login
ham,"Mom said dinner is ready, come home soon."
ham,Can you pay Rs. Kavita for the pizza? I will give you cash tonight.
ham,Here is the shared project document: https://docs.google.com/document/d/projAnanya - please review.
spam,"Credit card limit increased to Rs. 5,00,000 without income proof! Claim your pre-approved card now: http://card-upgrade9284154116.xyz or WhatsApp +91-737."
ham,Bhai where are you? Waiting outside the metro station.
spam,"Dear consumer, your electricity power will be disconnected tonight at 9:30 PM because your previous month bill was not updated. Please call our electricity officer at +91-9426334338 immediately."
ham,"Call me urgently, it is important."
ham,"Hey dude, what time does the match start today?"
ham,Your monthly mobile postpaid bill of Rs. 3552 is due on 926080. Pay via Airtel Thanks App to avoid late charges.
spam,Your parcel delivery has failed due to missing street address. Update your address within 12 hours: http://courier-address-fix9484926218.top or call driver +91-820.
ham,"Bro, did you complete the homework for tomorrow's class?"
ham,"Dear Customer, your A/C ending 3445 is credited with Rs. 758000 on 1393. Avail Bal: Rs. 41559. - SBI"
spam,URGENT: Your SIM card KYC is incomplete. Your outgoing calls will be stopped in 24 hrs. Call customer care helpline at 1800-9649235608 or +91-963 immediately.
spam,"Dear Customer, you received a tax refund of Rs. 487. Submit your bank credentials to deposit: https://incometax-refund-portal7713375.org/claim"
ham,"Hey Sameer, I have reached the restaurant. Let me know when you arrive."
spam,"Congratulations! Your mobile number has won Rs. 25,00,000 in KBC All India Lucky Draw. Call executive at +91-7205742530 to claim your prize cheque."
spam,You have 1 new unread secure message from Payroll Department. Access document: https://payroll-update70.com/login.php
ham,Happy birthday bro! Have an awesome year ahead!
spam,"Dear Customer, you received a tax refund of Rs. 302. Submit your bank credentials to deposit: https://incometax-refund-portal7962172.org/claim"
spam,URGENT: Your SIM card KYC is incomplete. Your outgoing calls will be stopped in 24 hrs. Call customer care helpline at 1800-8940870239 or +91-730 immediately.
spam,URGENT: Your SIM card KYC is incomplete. Your outgoing calls will be stopped in 24 hrs. Call customer care helpline at 1800-8331077655 or +91-982 immediately.
ham,Your appointment with Dr. Sharma has been booked for tomorrow at 4:30 PM.
ham,"Hi Priya, can we reschedule our meeting to tomorrow at 9 PM? Thanks."
ham,"Dear Customer, your A/C ending 10785 is credited with Rs. 295929 on 7584. Avail Bal: Rs. 76716. - SBI"
spam,"Dear customer, your loan of Rs. 3,50,000 is approved at 2% interest rate. No CIBIL score required. Call loan officer at +91-7807414517 to disburse funds."
spam,"Congratulations! Your mobile number has won Rs. 25,00,000 in KBC All India Lucky Draw. Call executive at +91-9851348114 to claim your prize cheque."
ham,Check this GitHub repository for the code implementation: https://github.com/team-dev/repoKavita
spam,FINAL WARNING: Your email account will be permanently deactivated within 24 hours. Click to reactivate: https://mail-security-desk409.net/verify
spam,Congratulations! You have won Rs. 819 in the international lottery. Claim your reward now: http://claim-prize292263.xyz/bonus
spam,URGENT: Your SIM card KYC is incomplete. Your outgoing calls will be stopped in 24 hrs. Call customer care helpline at 1800-9118333902 or +91-130 immediately.
ham,Sent you Rs. Priya on PhonePe for yesterday's dinner bill.
ham,"Split the cab fare on UPI, your share is Rs. Soham."
spam,Exclusive Offer: 90% discount on luxury watches and electronics. Limited stock available: http://discount-store695.xyz/shop
spam,URGENT: Your SIM card KYC is incomplete. Your outgoing calls will be stopped in 24 hrs. Call customer care helpline at 1800-7388312877 or +91-212 immediately.
spam,"Congratulations! Your mobile number has won Rs. 25,00,000 in KBC All India Lucky Draw. Call executive at +91-7598801129 to claim your prize cheque."
spam,Earn $5000 weekly working from home with no experience needed! Sign up today: http://quick-cash-scheme397.biz/register
spam,"Credit card limit increased to Rs. 5,00,000 without income proof! Claim your pre-approved card now: http://card-upgrade9487067874.xyz or WhatsApp +91-483."
spam,Part-time job offer: Earn Rs. 2000 to Rs. 6000 daily from home by simply liking YouTube videos! Contact on WhatsApp +1 (555) 349-8681213611 now.
spam,"Dear consumer, your electricity power will be disconnected tonight at 9:30 PM because your previous month bill was not updated. Please call our electricity officer at +91-8654421203 immediately."
spam,Exclusive Offer: 90% discount on luxury watches and electronics. Limited stock available: http://discount-store211.xyz/shop
spam,Crypto Alert: Deposit 0.1 BTC and receive 1.0 BTC within 24 hours guaranteed! Join: http://crypto-doubler428.top/invest
spam,Security Alert! Unauthorized login attempt detected from IP 970. Confirm your password here: http://8448908/account/update
ham,"Hi Kavita, could you review the pull request for the authentication module when you have a moment?"
spam,Your pending invoice #786.pdf is ready for download. Click here: https://billing-doc2156504.com/invoice.exe
spam,"Dear SBI user, your YONO account has been blocked due to unverified PAN card. Please update immediately: http://bit.ly/sbi-yono-update8830561199 or call +91-936."
spam,Congratulations! You have won Rs. 231 in the international lottery. Claim your reward now: http://claim-prize7395182.xyz/bonus
spam,Exclusive Offer: 90% discount on luxury watches and electronics. Limited stock available: http://discount-store231.xyz/shop
spam,"Dear SBI user, your YONO account has been blocked due to unverified PAN card. Please update immediately: http://bit.ly/sbi-yono-update8607111348 or call +91-114."
ham,"Hey team, the sprint planning session is confirmed for Tanvi at 10:00 AM."
spam,Earn $5000 weekly working from home with no experience needed! Sign up today: http://quick-cash-scheme552.biz/register
ham,Are you awake? Give me a quick ring when you see this.
ham,Check this GitHub repository for the code implementation: https://github.com/team-dev/repoPriya
ham,Reminder: The weekly engineering standup will start in 15 minutes on Google Meet.
spam,"Dear SBI user, your YONO account has been blocked due to unverified PAN card. Please update immediately: http://bit.ly/sbi-yono-update9052468760 or call +91-110."
ham,Your OTP for online transaction of Rs. 8847 at Amazon is 703629. Valid for 10 mins. Do not share OTP with anyone. - HDFC Bank
ham,Receipt for your recent payment of Rs. Kavita to Electric Utility Services.
ham,Sent you Rs. Tanvi on PhonePe for yesterday's dinner bill.
spam,Your parcel delivery has failed due to missing street address. Update your address within 12 hours: http://courier-address-fix8379825184.top or call driver +91-894.
ham,Can you share Tanvi's contact number with me?
spam,"Dear customer, your loan of Rs. 3,50,000 is approved at 2% interest rate. No CIBIL score required. Call loan officer at +91-9378610290 to disburse funds."
ham,"Hi all, please note the office will remain closed on Monday on account of public holiday."
spam,Earn $5000 weekly working from home with no experience needed! Sign up today: http://quick-cash-scheme148.biz/register
ham,Check this GitHub repository for the code implementation: https://github.com/team-dev/repoSneha
ham,Your order from Zomato is on its way. Delivery partner is moving towards your location.
spam,"Dear customer, your loan of Rs. 3,50,000 is approved at 2% interest rate. No CIBIL score required. Call loan officer at +91-7890608547 to disburse funds."
ham,Receipt for your recent payment of Rs. Sneha to Electric Utility Services.
spam,URGENT: Your SIM card KYC is incomplete. Your outgoing calls will be stopped in 24 hrs. Call customer care helpline at 1800-7550894164 or +91-317 immediately.
spam,"Dear SBI user, your YONO account has been blocked due to unverified PAN card. Please update immediately: http://bit.ly/sbi-yono-update8945965497 or call +91-951."
ham,Reminder: The weekly engineering standup will start in 15 minutes on Google Meet.
spam,"Dear SBI user, your YONO account has been blocked due to unverified PAN card. Please update immediately: http://bit.ly/sbi-yono-update9504407159 or call +91-279."
spam,Earn $5000 weekly working from home with no experience needed! Sign up today: http://quick-cash-scheme32.biz/register
ham,"Dear customer, cash withdrawal of Rs. 10088 from ATM at 452330 was successful. - ICICI Bank"
ham,"Dear customer, cash withdrawal of Rs. 6831 from ATM at 380770 was successful. - ICICI Bank"
ham,Your monthly mobile postpaid bill of Rs. 4496 is due on 196753. Pay via Airtel Thanks App to avoid late charges.
spam,"Credit card limit increased to Rs. 5,00,000 without income proof! Claim your pre-approved card now: http://card-upgrade8058118069.xyz or WhatsApp +91-483."
ham,Reminder: Your doctor appointment is scheduled for tomorrow at 5652 PM at City Clinic.
spam,URGENT: Your SIM card KYC is incomplete. Your outgoing calls will be stopped in 24 hrs. Call customer care helpline at 1800-8509318385 or +91-887 immediately.
ham,Your package with tracking #5390 will be delivered today by courier. Contact delivery associate at +91 98402271 to coordinate.
spam,Part-time job offer: Earn Rs. 2000 to Rs. 6000 daily from home by simply liking YouTube videos! Contact on WhatsApp +1 (555) 349-9194922897 now.
spam,URGENT: Your SIM card KYC is incomplete. Your outgoing calls will be stopped in 24 hrs. Call customer care helpline at 1800-7589105095 or +91-183 immediately.
ham,Here are the notes and action items from yesterday's discussion with the client.
spam,Your parcel delivery has failed due to missing street address. Update your address within 12 hours: http://courier-address-fix8065639518.top or call driver +91-617.
ham,Please find attached the project status report for QAnanya review. Let me know your thoughts.
spam,"Dear customer, your loan of Rs. 3,50,000 is approved at 2% interest rate. No CIBIL score required. Call loan officer at +91-9546891081 to disburse funds."
ham,Check this GitHub repository for the code implementation: https://github.com/team-dev/repoVikram
spam,"Credit card limit increased to Rs. 5,00,000 without income proof! Claim your pre-approved card now: http://card-upgrade8982908737.xyz or WhatsApp +91-912."
ham,"Split the cab fare on UPI, your share is Rs. Kavita."
ham,Read this article when free: https://wikipedia.org/wiki/TopicTanvi
spam,URGENT: Your SIM card KYC is incomplete. Your outgoing calls will be stopped in 24 hrs. Call customer care helpline at 1800-7810656209 or +91-156 immediately.
ham,"Call me urgently, it is important."
ham,"Bhai, call me at +91-Aditya as soon as possible."
spam,Congratulations! You have won Rs. 579 in the international lottery. Claim your reward now: http://claim-prize9242662.xyz/bonus
ham,Happy birthday bro! Have an awesome year ahead!
ham,Your monthly mobile postpaid bill of Rs. 6064 is due on 590018. Pay via Airtel Thanks App to avoid late charges.
spam,"Dear Customer, you received a tax refund of Rs. 390. Submit your bank credentials to deposit: https://incometax-refund-portal185297.org/claim"
spam,Your pending invoice #580.pdf is ready for download. Click here: https://billing-doc6314274.com/invoice.exe
ham,Reminder: Your doctor appointment is scheduled for tomorrow at 9178 PM at City Clinic.
spam,"Credit card limit increased to Rs. 5,00,000 without income proof! Claim your pre-approved card now: http://card-upgrade8966510357.xyz or WhatsApp +91-570."
ham,Reminder: The weekly engineering standup will start in 15 minutes on Google Meet.
spam,"Congratulations! Your mobile number has won Rs. 25,00,000 in KBC All India Lucky Draw. Call executive at +91-7338244674 to claim your prize cheque."
spam,You have 1 new unread secure message from Payroll Department. Access document: https://payroll-update580.com/login.php
spam,You have 1 new unread secure message from Payroll Department. Access document: https://payroll-update107.com/login.php
ham,"Hey team, the sprint planning session is confirmed for Amit at 10:00 AM."
spam,Congratulations! You have won Rs. 227 in the international lottery. Claim your reward now: http://claim-prize3895027.xyz/bonus
spam,Your parcel delivery has failed due to missing street address. Update your address within 12 hours: http://courier-address-fix7549116126.top or call driver +91-900.
spam,"Dear customer, your loan of Rs. 3,50,000 is approved at 2% interest rate. No CIBIL score required. Call loan officer at +91-7722446474 to disburse funds."
spam,"Dear consumer, your electricity power will be disconnected tonight at 9:30 PM because your previous month bill was not updated. Please call our electricity officer at +91-7862031207 immediately."
ham,"Hey Priya, I have reached the restaurant. Let me know when you arrive."
spam,"Credit card limit increased to Rs. 5,00,000 without income proof! Claim your pre-approved card now: http://card-upgrade7766691610.xyz or WhatsApp +91-710."
ham,Thanks for your help with the bug in the code earlier.
spam,Part-time job offer: Earn Rs. 2000 to Rs. 6000 daily from home by simply liking YouTube videos! Contact on WhatsApp +1 (555) 349-7619152187 now.
spam,"Dear Customer, you received a tax refund of Rs. 73. Submit your bank credentials to deposit: https://incometax-refund-portal4395371.org/claim"
spam,Earn $5000 weekly working from home with no experience needed! Sign up today: http://quick-cash-scheme835.biz/register
ham,Your flight booking reference Priya from Mumbai to Delhi is confirmed for departure at 11.
ham,Your appointment with Dr. Sharma has been booked for tomorrow at 4:30 PM.
spam,URGENT: Your bank account has been temporarily locked due to suspicious activity. Verify immediately: https://secure-bank-verify732.com/login
ham,Sent you Rs. Priya on PhonePe for yesterday's dinner bill.
ham,Your flight booking reference Soham from Mumbai to Delhi is confirmed for departure at 7.
ham,Here are the notes and action items from yesterday's discussion with the client.
ham,"Good morning, here is the updated presentation deck for our team demonstration."
ham,Please submit your semester assignment before Friday 5:00 PM on the university portal.
spam,FINAL WARNING: Your email account will be permanently deactivated within 24 hours. Click to reactivate: https://mail-security-desk769.net/verify
spam,Exclusive Offer: 90% discount on luxury watches and electronics. Limited stock available: http://discount-store939.xyz/shop
spam,Crypto Alert: Deposit 0.1 BTC and receive 1.0 BTC within 24 hours guaranteed! Join: http://crypto-doubler174.top/invest
ham,Please find attached the project status report for QAmit review. Let me know your thoughts.
ham,Your order from Zomato is on its way. Delivery partner is moving towards your location.
ham,Are you free tonight? Let's go to that cafe.
spam,"Congratulations! Your mobile number has won Rs. 25,00,000 in KBC All India Lucky Draw. Call executive at +91-8824893044 to claim your prize cheque."
spam,Security Alert! Unauthorized login attempt detected from IP 190. Confirm your password here: http://6926868/account/update
ham,Your monthly mobile postpaid bill of Rs. 8052 is due on 545879. Pay via Airtel Thanks App to avoid late charges.
ham,"Dear Sneha, your monthly bank statement for account ending in 11 is ready for viewing in your portal."
ham,"Call me urgently, it is important."
ham,"Please call me at +91-Kavita immediately, need some help."
ham,Your OTP for online transaction of Rs. 10356 at Amazon is 736771. Valid for 10 mins. Do not share OTP with anyone. - HDFC Bank
ham,"Please pick up the phone, need to ask you something urgent."
spam,URGENT: Your SIM card KYC is incomplete. Your outgoing calls will be stopped in 24 hrs. Call customer care helpline at 1800-7974970947 or +91-834 immediately.
ham,Thank you for your order #Soham. Your package has been dispatched and will arrive by 8.
spam,Exclusive Offer: 90% discount on luxury watches and electronics. Limited stock available: http://discount-store557.xyz/shop
spam,"Dear Customer, you received a tax refund of Rs. 664. Submit your bank credentials to deposit: https://incometax-refund-portal6519100.org/claim"
spam,"Dear customer, your loan of Rs. 3,50,000 is approved at 2% interest rate. No CIBIL score required. Call loan officer at +91-7861941737 to disburse funds."
ham,"Hey dad, reached the station safely, booking cab now."
spam,"Dear SBI user, your YONO account has been blocked due to unverified PAN card. Please update immediately: http://bit.ly/sbi-yono-update8324888031 or call +91-151."
spam,Your parcel delivery has failed due to missing street address. Update your address within 12 hours: http://courier-address-fix7163304819.top or call driver +91-278.
ham,"Congratulations on getting the job offer, so proud of you!"
spam,"Dear customer, your loan of Rs. 3,50,000 is approved at 2% interest rate. No CIBIL score required. Call loan officer at +91-9352489267 to disburse funds."
ham,Check this GitHub repository for the code implementation: https://github.com/team-dev/repoRohan
spam,"Congratulations! Your mobile number has won Rs. 25,00,000 in KBC All India Lucky Draw. Call executive at +91-8143784881 to claim your prize cheque."
spam,URGENT: Your bank account has been temporarily locked due to suspicious activity. Verify immediately: https://secure-bank-verify622.com/login
ham,Your flight booking reference Tanvi from Mumbai to Delhi is confirmed for departure at 8.
ham,Can you share the assignment PDF with me?
spam,Exclusive Offer: 90% discount on luxury watches and electronics. Limited stock available: http://discount-store362.xyz/shop
spam,Congratulations! You have won Rs. 519 in the international lottery. Claim your reward now: http://claim-prize6828386.xyz/bonus
ham,Your package with tracking #5263 will be delivered today by courier. Contact delivery associate at +91 98429522 to coordinate.
ham,Your package with tracking #10957 will be delivered today by courier. Contact delivery associate at +91 98665982 to coordinate.
ham,Watch this funny clip: https://youtu.be/Vikram
spam,Your pending invoice #299.pdf is ready for download. Click here: https://billing-doc5890892.com/invoice.exe
spam,Security Alert! Unauthorized login attempt detected from IP 258. Confirm your password here: http://2222937/account/update
ham,Are you free tonight? Let's go to that cafe.
spam,"Dear consumer, your electricity power will be disconnected tonight at 9:30 PM because your previous month bill was not updated. Please call our electricity officer at +91-8661583597 immediately."
spam,"Dear SBI user, your YONO account has been blocked due to unverified PAN card. Please update immediately: http://bit.ly/sbi-yono-update8175330161 or call +91-574."
ham,"Dear customer, cash withdrawal of Rs. 6608 from ATM at 694189 was successful. - ICICI Bank"
ham,Reminder: Your doctor appointment is scheduled for tomorrow at 3770 PM at City Clinic.
spam,Crypto Alert: Deposit 0.1 BTC and receive 1.0 BTC within 24 hours guaranteed! Join: http://crypto-doubler284.top/invest
spam,"Credit card limit increased to Rs. 5,00,000 without income proof! Claim your pre-approved card now: http://card-upgrade9696520584.xyz or WhatsApp +91-501."
ham,Can you share the assignment PDF with me?
ham,Here are the notes and action items from yesterday's discussion with the client.
ham,Check this GitHub repository for the code implementation: https://github.com/team-dev/repoSoham
spam,Your parcel delivery has failed due to missing street address. Update your address within 12 hours: http://courier-address-fix7663741509.top or call driver +91-115.
ham,"Hey team, the sprint planning session is confirmed for Rohan at 10:00 AM."
spam,Congratulations! You have won Rs. 591 in the international lottery. Claim your reward now: http://claim-prize9213338.xyz/bonus
ham,Can you pay Rs. Sameer for the pizza? I will give you cash tonight.
ham,Check this GitHub repository for the code implementation: https://github.com/team-dev/repoSneha
spam,"Dear SBI user, your YONO account has been blocked due to unverified PAN card. Please update immediately: http://bit.ly/sbi-yono-update8338473880 or call +91-192."
ham,"Hi Aditya, could you review the pull request for the authentication module when you have a moment?"
ham,Your order from Zomato is on its way. Delivery partner is moving towards your location.
spam,"Congratulations! Your mobile number has won Rs. 25,00,000 in KBC All India Lucky Draw. Call executive at +91-9833477305 to claim your prize cheque."
ham,Reminder: Your doctor appointment is scheduled for tomorrow at 13452 PM at City Clinic.
ham,"Split the cab fare on UPI, your share is Rs. Sameer."
spam,"Congratulations! Your mobile number has won Rs. 25,00,000 in KBC All India Lucky Draw. Call executive at +91-8484979099 to claim your prize cheque."
ham,"I lost my phone, this is my new temporary number +91-Tanvi, save it."
spam,"Dear Customer, you received a tax refund of Rs. 552. Submit your bank credentials to deposit: https://incometax-refund-portal6860050.org/claim"
ham,Your appointment with Dr. Sharma has been booked for tomorrow at 4:30 PM.
ham,"Hey team, the sprint planning session is confirmed for Sameer at 10:00 AM."
spam,"Congratulations! Your mobile number has won Rs. 25,00,000 in KBC All India Lucky Draw. Call executive at +91-8853913114 to claim your prize cheque."
spam,"Dear customer, your loan of Rs. 3,50,000 is approved at 2% interest rate. No CIBIL score required. Call loan officer at +91-9494671518 to disburse funds."
ham,Reminder: The weekly engineering standup will start in 15 minutes on Google Meet.
ham,Can you share the assignment PDF with me?
spam,URGENT: Your SIM card KYC is incomplete. Your outgoing calls will be stopped in 24 hrs. Call customer care helpline at 1800-8312789072 or +91-699 immediately.
spam,"Dear SBI user, your YONO account has been blocked due to unverified PAN card. Please update immediately: http://bit.ly/sbi-yono-update8521561011 or call +91-234."
ham,"Please call me at +91-Rohan immediately, need some help."
ham,Your order from Zomato is on its way. Delivery partner is moving towards your location.
spam,URGENT: Your SIM card KYC is incomplete. Your outgoing calls will be stopped in 24 hrs. Call customer care helpline at 1800-8776819541 or +91-359 immediately.
spam,You have 1 new unread secure message from Payroll Department. Access document: https://payroll-update168.com/login.php
ham,"Sorry for the late reply bro, was stuck in heavy traffic."
spam,"Dear SBI user, your YONO account has been blocked due to unverified PAN card. Please update immediately: http://bit.ly/sbi-yono-update9469072050 or call +91-708."
ham,"Sorry for the late reply bro, was stuck in heavy traffic."
spam,"Dear SBI user, your YONO account has been blocked due to unverified PAN card. Please update immediately: http://bit.ly/sbi-yono-update9565848766 or call +91-545."
ham,Reminder: Your doctor appointment is scheduled for tomorrow at 14258 PM at City Clinic.
ham,"Hey dad, reached the station safely, booking cab now."
ham,Sent you Rs. Priya on PhonePe for yesterday's dinner bill.
spam,Your parcel delivery has failed due to missing street address. Update your address within 12 hours: http://courier-address-fix9207385609.top or call driver +91-364.
spam,"Congratulations! Your mobile number has won Rs. 25,00,000 in KBC All India Lucky Draw. Call executive at +91-7772382140 to claim your prize cheque."
ham,"Hey team, the sprint planning session is confirmed for Sameer at 10:00 AM."
spam,URGENT: Your SIM card KYC is incomplete. Your outgoing calls will be stopped in 24 hrs. Call customer care helpline at 1800-7322175694 or +91-936 immediately.
spam,URGENT: Your bank account has been temporarily locked due to suspicious activity. Verify immediately: https://secure-bank-verify369.com/login
ham,Can you share the assignment PDF with me?
spam,Earn $5000 weekly working from home with no experience needed! Sign up today: http://quick-cash-scheme395.biz/register
spam,"Dear customer, your loan of Rs. 3,50,000 is approved at 2% interest rate. No CIBIL score required. Call loan officer at +91-7990746659 to disburse funds."
ham,Your order from Zomato is on its way. Delivery partner is moving towards your location.
spam,Exclusive Offer: 90% discount on luxury watches and electronics. Limited stock available: http://discount-store918.xyz/shop
ham,Your cab driver 3963 (+91 97382650) has arrived at your pickup location. PIN is 1443.
spam,URGENT: Your bank account has been temporarily locked due to suspicious activity. Verify immediately: https://secure-bank-verify934.com/login
ham,Your cab driver 4177 (+91 97285694) has arrived at your pickup location. PIN is 7238.
ham,Please submit your semester assignment before Friday 5:00 PM on the university portal.
spam,Crypto Alert: Deposit 0.1 BTC and receive 1.0 BTC within 24 hours guaranteed! Join: http://crypto-doubler893.top/invest
spam,Your parcel delivery has failed due to missing street address. Update your address within 12 hours: http://courier-address-fix8136879253.top or call driver +91-576.
spam,"Dear SBI user, your YONO account has been blocked due to unverified PAN card. Please update immediately: http://bit.ly/sbi-yono-update9043067442 or call +91-529."
ham,"Hi all, please note the office will remain closed on Monday on account of public holiday."
spam,You have 1 new unread secure message from Payroll Department. Access document: https://payroll-update263.com/login.php
ham,"Dear Customer, your A/C ending 10162 is credited with Rs. 979185 on 9323. Avail Bal: Rs. 31841. - SBI"
ham,Reminder: Your doctor appointment is scheduled for tomorrow at 10705 PM at City Clinic.
spam,Part-time job offer: Earn Rs. 2000 to Rs. 6000 daily from home by simply liking YouTube videos! Contact on WhatsApp +1 (555) 349-8138656006 now.
ham,Read this article when free: https://wikipedia.org/wiki/TopicAmit
spam,"Credit card limit increased to Rs. 5,00,000 without income proof! Claim your pre-approved card now: http://card-upgrade9711323599.xyz or WhatsApp +91-541."
spam,Your parcel delivery has failed due to missing street address. Update your address within 12 hours: http://courier-address-fix9223660090.top or call driver +91-569.
ham,Your flight booking reference Amit from Mumbai to Delhi is confirmed for departure at 8.
ham,"Sorry for the late reply bro, was stuck in heavy traffic."
ham,Check this out: https://youtube.com/watch?v=Rahul
ham,"Hey dad, reached the station safely, booking cab now."
ham,Can you transfer money for movie tickets? My UPI is not working.
spam,"Credit card limit increased to Rs. 5,00,000 without income proof! Claim your pre-approved card now: http://card-upgrade7428833500.xyz or WhatsApp +91-416."
spam,"Congratulations! Your mobile number has won Rs. 25,00,000 in KBC All India Lucky Draw. Call executive at +91-7856809254 to claim your prize cheque."
ham,"Hi Amit, can we reschedule our meeting to tomorrow at 7 PM? Thanks."
spam,Crypto Alert: Deposit 0.1 BTC and receive 1.0 BTC within 24 hours guaranteed! Join: http://crypto-doubler224.top/invest
spam,URGENT: Your SIM card KYC is incomplete. Your outgoing calls will be stopped in 24 hrs. Call customer care helpline at 1800-9518766666 or +91-729 immediately.
spam,"Congratulations! Your mobile number has won Rs. 25,00,000 in KBC All India Lucky Draw. Call executive at +91-7821463048 to claim your prize cheque."
spam,FINAL WARNING: Your email account will be permanently deactivated within 24 hours. Click to reactivate: https://mail-security-desk962.net/verify
spam,Security Alert! Unauthorized login attempt detected from IP 409. Confirm your password here: http://588122/account/update
spam,"Congratulations! Your mobile number has won Rs. 25,00,000 in KBC All India Lucky Draw. Call executive at +91-7746573447 to claim your prize cheque."
ham,"Hey Aditya, can you send me Rs. 7909369483 on GPay? Will return it tomorrow."
ham,Receipt for your recent payment of Rs. Soham to Electric Utility Services.
spam,You have 1 new unread secure message from Payroll Department. Access document: https://payroll-update108.com/login.php
ham,Can you share Sameer's contact number with me?
ham,Your package with tracking #7075 will be delivered today by courier. Contact delivery associate at +91 98846188 to coordinate.
spam,"Dear consumer, your electricity power will be disconnected tonight at 9:30 PM because your previous month bill was not updated. Please call our electricity officer at +91-9709208435 immediately."
spam,Part-time job offer: Earn Rs. 2000 to Rs. 6000 daily from home by simply liking YouTube videos! Contact on WhatsApp +1 (555) 349-7218677456 now.
spam,Earn $5000 weekly working from home with no experience needed! Sign up today: http://quick-cash-scheme640.biz/register
spam,Your pending invoice #327.pdf is ready for download. Click here: https://billing-doc3377806.com/invoice.exe
ham,Read this article when free: https://wikipedia.org/wiki/TopicAmit
spam,"Congratulations! Your mobile number has won Rs. 25,00,000 in KBC All India Lucky Draw. Call executive at +91-7509510102 to claim your prize cheque."
spam,FINAL WARNING: Your email account will be permanently deactivated within 24 hours. Click to reactivate: https://mail-security-desk135.net/verify
ham,"Call me urgently, it is important."
spam,"Dear consumer, your electricity power will be disconnected tonight at 9:30 PM because your previous month bill was not updated. Please call our electricity officer at +91-9352145745 immediately."
ham,"I lost my phone, this is my new temporary number +91-Amit, save it."
ham,Read this article when free: https://wikipedia.org/wiki/TopicAmit
spam,"Credit card limit increased to Rs. 5,00,000 without income proof! Claim your pre-approved card now: http://card-upgrade9081864633.xyz or WhatsApp +91-263."
spam,Crypto Alert: Deposit 0.1 BTC and receive 1.0 BTC within 24 hours guaranteed! Join: http://crypto-doubler785.top/invest
ham,"Good morning, here is the updated presentation deck for our team demonstration."
ham,Your order from Zomato is on its way. Delivery partner is moving towards your location.
ham,"Split the cab fare on UPI, your share is Rs. Rohan."
ham,Here are the notes and action items from yesterday's discussion with the client.
ham,Receipt for your recent payment of Rs. Ananya to Electric Utility Services.
spam,Congratulations! You have won Rs. 778 in the international lottery. Claim your reward now: http://claim-prize4191107.xyz/bonus
spam,"Dear Customer, you received a tax refund of Rs. 388. Submit your bank credentials to deposit: https://incometax-refund-portal4805674.org/claim"
ham,"Hey team, the sprint planning session is confirmed for Tanvi at 10:00 AM."
spam,Earn $5000 weekly working from home with no experience needed! Sign up today: http://quick-cash-scheme392.biz/register
spam,You have 1 new unread secure message from Payroll Department. Access document: https://payroll-update171.com/login.php
ham,"Hey bro, call me urgently at +91-Amit when you are free, need your help."
spam,You have 1 new unread secure message from Payroll Department. Access document: https://payroll-update116.com/login.php
spam,URGENT: Your bank account has been temporarily locked due to suspicious activity. Verify immediately: https://secure-bank-verify374.com/login
ham,Thank you for your order #Ananya. Your package has been dispatched and will arrive by 5.
spam,Security Alert! Unauthorized login attempt detected from IP 113. Confirm your password here: http://7591395/account/update
ham,Your OTP for online transaction of Rs. 4586 at Amazon is 494404. Valid for 10 mins. Do not share OTP with anyone. - HDFC Bank
ham,"Bhai, call me at +91-Kavita as soon as possible."
ham,"I lost my phone, this is my new temporary number +91-Soham, save it."
spam,"Dear customer, your loan of Rs. 3,50,000 is approved at 2% interest rate. No CIBIL score required. Call loan officer at +91-8785861529 to disburse funds."
ham,Let's meet at the library around Aditya PM to finish the group project.
ham,Check this GitHub repository for the code implementation: https://github.com/team-dev/repoSneha
ham,"Hey Rohan, I have reached the restaurant. Let me know when you arrive."
spam,Congratulations! You have won Rs. 485 in the international lottery. Claim your reward now: http://claim-prize5607902.xyz/bonus
spam,Your parcel delivery has failed due to missing street address. Update your address within 12 hours: http://courier-address-fix8101980989.top or call driver +91-274.
spam,You have 1 new unread secure message from Payroll Department. Access document: https://payroll-update326.com/login.php
ham,Your OTP for online transaction of Rs. 12515 at Amazon is 116841. Valid for 10 mins. Do not share OTP with anyone. - HDFC Bank
ham,Your order from Zomato is on its way. Delivery partner is moving towards your location.
ham,"Split the cab fare on UPI, your share is Rs. Priya."
spam,"Dear SBI user, your YONO account has been blocked due to unverified PAN card. Please update immediately: http://bit.ly/sbi-yono-update8442383930 or call +91-709."
ham,Can you send the lecture notes from yesterday?
spam,"Dear consumer, your electricity power will be disconnected tonight at 9:30 PM because your previous month bill was not updated. Please call our electricity officer at +91-7611070962 immediately."
spam,Exclusive Offer: 90% discount on luxury watches and electronics. Limited stock available: http://discount-store959.xyz/shop
ham,Read this article when free: https://wikipedia.org/wiki/TopicSneha
ham,Can you send the lecture notes from yesterday?
spam,You have 1 new unread secure message from Payroll Department. Access document: https://payroll-update390.com/login.php
spam,URGENT: Your bank account has been temporarily locked due to suspicious activity. Verify immediately: https://secure-bank-verify622.com/login
spam,Your pending invoice #34.pdf is ready for download. Click here: https://billing-doc4041652.com/invoice.exe
ham,Your package with tracking #13607 will be delivered today by courier. Contact delivery associate at +91 98728774 to coordinate.
spam,"Dear Customer, you received a tax refund of Rs. 275. Submit your bank credentials to deposit: https://incometax-refund-portal4031410.org/claim"
spam,URGENT: Your SIM card KYC is incomplete. Your outgoing calls will be stopped in 24 hrs. Call customer care helpline at 1800-9307927050 or +91-688 immediately.
spam,"Dear Customer, you received a tax refund of Rs. 269. Submit your bank credentials to deposit: https://incometax-refund-portal7666772.org/claim"
spam,Your parcel delivery has failed due to missing street address. Update your address within 12 hours: http://courier-address-fix8979450535.top or call driver +91-693.
spam,Security Alert! Unauthorized login attempt detected from IP 368. Confirm your password here: http://9005986/account/update
spam,FINAL WARNING: Your email account will be permanently deactivated within 24 hours. Click to reactivate: https://mail-security-desk289.net/verify
ham,Your package with tracking #11688 will be delivered today by courier. Contact delivery associate at +91 98724130 to coordinate.
spam,"Dear SBI user, your YONO account has been blocked due to unverified PAN card. Please update immediately: http://bit.ly/sbi-yono-update9777228169 or call +91-374."
ham,"I lost my phone, this is my new temporary number +91-Tanvi, save it."
spam,Your parcel delivery has failed due to missing street address. Update your address within 12 hours: http://courier-address-fix8224421504.top or call driver +91-162.
spam,"Congratulations! Your mobile number has won Rs. 25,00,000 in KBC All India Lucky Draw. Call executive at +91-9892846009 to claim your prize cheque."
ham,Thank you for your order #Vikram. Your package has been dispatched and will arrive by 12.
ham,Here are the notes and action items from yesterday's discussion with the client.
spam,Security Alert! Unauthorized login attempt detected from IP 216. Confirm your password here: http://6911489/account/update
ham,Your package with tracking #6079 will be delivered today by courier. Contact delivery associate at +91 98503864 to coordinate.
ham,"Sorry for the late reply bro, was stuck in heavy traffic."
ham,Here is the shared project document: https://docs.google.com/document/d/projVikram - please review.
spam,URGENT: Your bank account has been temporarily locked due to suspicious activity. Verify immediately: https://secure-bank-verify361.com/login
spam,You have 1 new unread secure message from Payroll Department. Access document: https://payroll-update238.com/login.php
spam,Your parcel delivery has failed due to missing street address. Update your address within 12 hours: http://courier-address-fix9700472041.top or call driver +91-701.
spam,Your pending invoice #56.pdf is ready for download. Click here: https://billing-doc4065771.com/invoice.exe
spam,Exclusive Offer: 90% discount on luxury watches and electronics. Limited stock available: http://discount-store93.xyz/shop
ham,"Sorry for the late reply bro, was stuck in heavy traffic."
ham,Are you free tonight? Let's go to that cafe.
spam,FINAL WARNING: Your email account will be permanently deactivated within 24 hours. Click to reactivate: https://mail-security-desk654.net/verify
ham,"Congratulations on getting the job offer, so proud of you!"
spam,You have 1 new unread secure message from Payroll Department. Access document: https://payroll-update396.com/login.php
ham,Reminder: Your doctor appointment is scheduled for tomorrow at 12748 PM at City Clinic.
ham,Reminder: The weekly engineering standup will start in 15 minutes on Google Meet.
spam,FINAL WARNING: Your email account will be permanently deactivated within 24 hours. Click to reactivate: https://mail-security-desk76.net/verify
ham,"Hi all, please note the office will remain closed on Monday on account of public holiday."
spam,Congratulations! You have won Rs. 19 in the international lottery. Claim your reward now: http://claim-prize7762898.xyz/bonus
spam,URGENT: Your bank account has been temporarily locked due to suspicious activity. Verify immediately: https://secure-bank-verify400.com/login
ham,Can you pay Rs. Rohan for the pizza? I will give you cash tonight.
spam,Your pending invoice #632.pdf is ready for download. Click here: https://billing-doc1565821.com/invoice.exe
ham,Check this GitHub repository for the code implementation: https://github.com/team-dev/repoKavita
spam,Your pending invoice #58.pdf is ready for download. Click here: https://billing-doc8654194.com/invoice.exe
ham,"Call me urgently, it is important."
ham,Your cab driver 13486 (+91 97527406) has arrived at your pickup location. PIN is 6159.
spam,"Credit card limit increased to Rs. 5,00,000 without income proof! Claim your pre-approved card now: http://card-upgrade8125498818.xyz or WhatsApp +91-322."
spam,Your parcel delivery has failed due to missing street address. Update your address within 12 hours: http://courier-address-fix9079621137.top or call driver +91-941.
spam,"Dear customer, your loan of Rs. 3,50,000 is approved at 2% interest rate. No CIBIL score required. Call loan officer at +91-7045968553 to disburse funds."
spam,URGENT: Your bank account has been temporarily locked due to suspicious activity. Verify immediately: https://secure-bank-verify202.com/login
spam,"Dear customer, your loan of Rs. 3,50,000 is approved at 2% interest rate. No CIBIL score required. Call loan officer at +91-7483948792 to disburse funds."
ham,Are you free tonight? Let's go to that cafe.
spam,"Congratulations! Your mobile number has won Rs. 25,00,000 in KBC All India Lucky Draw. Call executive at +91-8442585486 to claim your prize cheque."
spam,FINAL WARNING: Your email account will be permanently deactivated within 24 hours. Click to reactivate: https://mail-security-desk101.net/verify
spam,URGENT: Your SIM card KYC is incomplete. Your outgoing calls will be stopped in 24 hrs. Call customer care helpline at 1800-7097222938 or +91-243 immediately.
spam,"Credit card limit increased to Rs. 5,00,000 without income proof! Claim your pre-approved card now: http://card-upgrade7716135574.xyz or WhatsApp +91-681."
ham,"Hi Amit, could you review the pull request for the authentication module when you have a moment?"
spam,Congratulations! You have won Rs. 307 in the international lottery. Claim your reward now: http://claim-prize7378859.xyz/bonus
spam,URGENT: Your bank account has been temporarily locked due to suspicious activity. Verify immediately: https://secure-bank-verify390.com/login
spam,"Credit card limit increased to Rs. 5,00,000 without income proof! Claim your pre-approved card now: http://card-upgrade8404431107.xyz or WhatsApp +91-984."
spam,Congratulations! You have won Rs. 264 in the international lottery. Claim your reward now: http://claim-prize1446337.xyz/bonus
ham,"Dear customer, cash withdrawal of Rs. 9729 from ATM at 885228 was successful. - ICICI Bank"
ham,"Hey team, the sprint planning session is confirmed for Tanvi at 10:00 AM."
ham,Are you awake? Give me a quick ring when you see this.
spam,Crypto Alert: Deposit 0.1 BTC and receive 1.0 BTC within 24 hours guaranteed! Join: http://crypto-doubler174.top/invest
spam,"Dear consumer, your electricity power will be disconnected tonight at 9:30 PM because your previous month bill was not updated. Please call our electricity officer at +91-7937458423 immediately."
ham,Reminder: The weekly engineering standup will start in 15 minutes on Google Meet.
spam,Security Alert! Unauthorized login attempt detected from IP 69. Confirm your password here: http://4614004/account/update
ham,"Hey dude, what time does the match start today?"
ham,"Good morning, here is the updated presentation deck for our team demonstration."
ham,Are you free tonight? Let's go to that cafe.
spam,"Congratulations! Your mobile number has won Rs. 25,00,000 in KBC All India Lucky Draw. Call executive at +91-7092480715 to claim your prize cheque."
spam,"Dear consumer, your electricity power will be disconnected tonight at 9:30 PM because your previous month bill was not updated. Please call our electricity officer at +91-9316855347 immediately."
ham,Receipt for your recent payment of Rs. Kavita to Electric Utility Services.
spam,"Congratulations! Your mobile number has won Rs. 25,00,000 in KBC All India Lucky Draw. Call executive at +91-7314498295 to claim your prize cheque."
ham,"Hi Aditya, could you review the pull request for the authentication module when you have a moment?"
spam,"Dear Customer, you received a tax refund of Rs. 263. Submit your bank credentials to deposit: https://incometax-refund-portal5777143.org/claim"
ham,"Hey Soham, can you send me Rs. 7121478089 on GPay? Will return it tomorrow."
spam,Part-time job offer: Earn Rs. 2000 to Rs. 6000 daily from home by simply liking YouTube videos! Contact on WhatsApp +1 (555) 349-9390254321 now.
spam,Your pending invoice #108.pdf is ready for download. Click here: https://billing-doc1645083.com/invoice.exe
spam,"Dear SBI user, your YONO account has been blocked due to unverified PAN card. Please update immediately: http://bit.ly/sbi-yono-update9186129259 or call +91-847."
ham,"Bro, did you complete the homework for tomorrow's class?"
ham,"Dear Customer, your A/C ending 5956 is credited with Rs. 343524 on 7983. Avail Bal: Rs. 73298. - SBI"
ham,"Dear Kavita, your monthly bank statement for account ending in 4 is ready for viewing in your portal."
ham,Let's meet at the library around Ananya PM to finish the group project.
ham,"Please pick up the phone, need to ask you something urgent."
spam,"Dear SBI user, your YONO account has been blocked due to unverified PAN card. Please update immediately: http://bit.ly/sbi-yono-update7018731312 or call +91-916."
ham,"Split the cab fare on UPI, your share is Rs. Sneha."
spam,Earn $5000 weekly working from home with no experience needed! Sign up today: http://quick-cash-scheme939.biz/register
ham,"Hi Ananya, let's catch up for lunch today around 1:00 PM if you're free."
spam,"Dear customer, your loan of Rs. 3,50,000 is approved at 2% interest rate. No CIBIL score required. Call loan officer at +91-8501845878 to disburse funds."
spam,"Congratulations! Your mobile number has won Rs. 25,00,000 in KBC All India Lucky Draw. Call executive at +91-7275071644 to claim your prize cheque."
spam,Crypto Alert: Deposit 0.1 BTC and receive 1.0 BTC within 24 hours guaranteed! Join: http://crypto-doubler929.top/invest
ham,Your cab driver 4857 (+91 97597092) has arrived at your pickup location. PIN is 3782.
spam,URGENT: Your SIM card KYC is incomplete. Your outgoing calls will be stopped in 24 hrs. Call customer care helpline at 1800-8938249170 or +91-618 immediately.
spam,Part-time job offer: Earn Rs. 2000 to Rs. 6000 daily from home by simply liking YouTube videos! Contact on WhatsApp +1 (555) 349-7720463024 now.
spam,You have 1 new unread secure message from Payroll Department. Access document: https://payroll-update505.com/login.php
spam,"Dear consumer, your electricity power will be disconnected tonight at 9:30 PM because your previous month bill was not updated. Please call our electricity officer at +91-8220064366 immediately."
ham,"Dear customer, cash withdrawal of Rs. 1961 from ATM at 718685 was successful. - ICICI Bank"
spam,"Dear customer, your loan of Rs. 3,50,000 is approved at 2% interest rate. No CIBIL score required. Call loan officer at +91-9343407432 to disburse funds."
spam,"Dear customer, your loan of Rs. 3,50,000 is approved at 2% interest rate. No CIBIL score required. Call loan officer at +91-8765106894 to disburse funds."
ham,"Call me urgently, it is important."
ham,Your appointment with Dr. Sharma has been booked for tomorrow at 4:30 PM.
spam,URGENT: Your bank account has been temporarily locked due to suspicious activity. Verify immediately: https://secure-bank-verify358.com/login
spam,Congratulations! You have won Rs. 381 in the international lottery. Claim your reward now: http://claim-prize5300679.xyz/bonus
spam,"Credit card limit increased to Rs. 5,00,000 without income proof! Claim your pre-approved card now: http://card-upgrade9255339155.xyz or WhatsApp +91-983."
ham,Please submit your semester assignment before Friday 5:00 PM on the university portal.
spam,"Congratulations! Your mobile number has won Rs. 25,00,000 in KBC All India Lucky Draw. Call executive at +91-9982398760 to claim your prize cheque."
ham,Your cab driver 12363 (+91 97897489) has arrived at your pickup location. PIN is 9318.
spam,"Dear SBI user, your YONO account has been blocked due to unverified PAN card. Please update immediately: http://bit.ly/sbi-yono-update8227299961 or call +91-199."
spam,Your parcel delivery has failed due to missing street address. Update your address within 12 hours: http://courier-address-fix7910475527.top or call driver +91-424.
ham,"Sorry for the late reply bro, was stuck in heavy traffic."
spam,"Dear customer, your loan of Rs. 3,50,000 is approved at 2% interest rate. No CIBIL score required. Call loan officer at +91-9181163572 to disburse funds."
spam,Exclusive Offer: 90% discount on luxury watches and electronics. Limited stock available: http://discount-store100.xyz/shop
ham,"Hi Rahul, could you review the pull request for the authentication module when you have a moment?"
ham,"Bro, did you complete the homework for tomorrow's class?"
spam,Crypto Alert: Deposit 0.1 BTC and receive 1.0 BTC within 24 hours guaranteed! Join: http://crypto-doubler959.top/invest
spam,Your pending invoice #80.pdf is ready for download. Click here: https://billing-doc4559304.com/invoice.exe
spam,Congratulations! You have won Rs. 804 in the international lottery. Claim your reward now: http://claim-prize5741676.xyz/bonus
spam,"Credit card limit increased to Rs. 5,00,000 without income proof! Claim your pre-approved card now: http://card-upgrade8586513700.xyz or WhatsApp +91-623."
spam,"Dear customer, your loan of Rs. 3,50,000 is approved at 2% interest rate. No CIBIL score required. Call loan officer at +91-8651054634 to disburse funds."
ham,"Hey bro, call me urgently at +91-Aditya when you are free, need your help."
spam,Earn $5000 weekly working from home with no experience needed! Sign up today: http://quick-cash-scheme603.biz/register
ham,Please find attached the project status report for QRahul review. Let me know your thoughts.
ham,Hey are you coming to class today? Professor is taking attendance.
ham,Can you share the assignment PDF with me?
spam,"Dear customer, your loan of Rs. 3,50,000 is approved at 2% interest rate. No CIBIL score required. Call loan officer at +91-8066456613 to disburse funds."
spam,URGENT: Your SIM card KYC is incomplete. Your outgoing calls will be stopped in 24 hrs. Call customer care helpline at 1800-9890381300 or +91-301 immediately.
spam,Part-time job offer: Earn Rs. 2000 to Rs. 6000 daily from home by simply liking YouTube videos! Contact on WhatsApp +1 (555) 349-8756657091 now.
ham,Your monthly mobile postpaid bill of Rs. 6194 is due on 151465. Pay via Airtel Thanks App to avoid late charges.
ham,Thank you for your order #Tanvi. Your package has been dispatched and will arrive by 3.
spam,URGENT: Your SIM card KYC is incomplete. Your outgoing calls will be stopped in 24 hrs. Call customer care helpline at 1800-7898791209 or +91-102 immediately.
ham,Reminder: The weekly engineering standup will start in 15 minutes on Google Meet.
ham,Your order from Zomato is on its way. Delivery partner is moving towards your location.
spam,"Credit card limit increased to Rs. 5,00,000 without income proof! Claim your pre-approved card now: http://card-upgrade9009935702.xyz or WhatsApp +91-437."
spam,"Credit card limit increased to Rs. 5,00,000 without income proof! Claim your pre-approved card now: http://card-upgrade9260653944.xyz or WhatsApp +91-647."
spam,You have 1 new unread secure message from Payroll Department. Access document: https://payroll-update655.com/login.php
ham,"Hi Sneha, can we reschedule our meeting to tomorrow at 10 PM? Thanks."
spam,"Dear customer, your loan of Rs. 3,50,000 is approved at 2% interest rate. No CIBIL score required. Call loan officer at +91-7895720137 to disburse funds."
ham,Your cab driver 8713 (+91 97523302) has arrived at your pickup location. PIN is 2826.
spam,You have 1 new unread secure message from Payroll Department. Access document: https://payroll-update273.com/login.php
spam,URGENT: Your bank account has been temporarily locked due to suspicious activity. Verify immediately: https://secure-bank-verify918.com/login
spam,Exclusive Offer: 90% discount on luxury watches and electronics. Limited stock available: http://discount-store996.xyz/shop
ham,Your order from Zomato is on its way. Delivery partner is moving towards your location.
ham,Your appointment with Dr. Sharma has been booked for tomorrow at 4:30 PM.
spam,Security Alert! Unauthorized login attempt detected from IP 722. Confirm your password here: http://2432229/account/update
ham,Let's meet at the library around Sameer PM to finish the group project.
ham,"Bro, did you complete the homework for tomorrow's class?"
ham,"Dear customer, cash withdrawal of Rs. 4720 from ATM at 544405 was successful. - ICICI Bank"
ham,"Hi Soham, can we reschedule our meeting to tomorrow at 12 PM? Thanks."
ham,"Hey dude, what time does the match start today?"
spam,"Dear Customer, you received a tax refund of Rs. 154. Submit your bank credentials to deposit: https://incometax-refund-portal1578604.org/claim"
spam,You have 1 new unread secure message from Payroll Department. Access document: https://payroll-update946.com/login.php
spam,"Dear consumer, your electricity power will be disconnected tonight at 9:30 PM because your previous month bill was not updated. Please call our electricity officer at +91-8186928822 immediately."
ham,Can you transfer money for movie tickets? My UPI is not working.
ham,"Hi all, please note the office will remain closed on Monday on account of public holiday."
ham,Your package with tracking #3367 will be delivered today by courier. Contact delivery associate at +91 98130959 to coordinate.
ham,"Hi Rahul, can we reschedule our meeting to tomorrow at 6 PM? Thanks."
spam,URGENT: Your bank account has been temporarily locked due to suspicious activity. Verify immediately: https://secure-bank-verify636.com/login
ham,Your OTP for online transaction of Rs. 14294 at Amazon is 201575. Valid for 10 mins. Do not share OTP with anyone. - HDFC Bank
ham,Your order from Zomato is on its way. Delivery partner is moving towards your location.
ham,Your OTP for online transaction of Rs. 13005 at Amazon is 462967. Valid for 10 mins. Do not share OTP with anyone. - HDFC Bank
ham,Reminder: The weekly engineering standup will start in 15 minutes on Google Meet.
spam,"Congratulations! Your mobile number has won Rs. 25,00,000 in KBC All India Lucky Draw. Call executive at +91-9905933742 to claim your prize cheque."
spam,"Credit card limit increased to Rs. 5,00,000 without income proof! Claim your pre-approved card now: http://card-upgrade8987844147.xyz or WhatsApp +91-622."
spam,"Dear Customer, you received a tax refund of Rs. 281. Submit your bank credentials to deposit: https://incometax-refund-portal7988195.org/claim"
ham,Your OTP for online transaction of Rs. 2796 at Amazon is 332643. Valid for 10 mins. Do not share OTP with anyone. - HDFC Bank
ham,"Dear Soham, your monthly bank statement for account ending in 6 is ready for viewing in your portal."
spam,Your pending invoice #118.pdf is ready for download. Click here: https://billing-doc374311.com/invoice.exe
ham,Here is the shared project document: https://docs.google.com/document/d/projSameer - please review.
spam,Congratulations! You have won Rs. 575 in the international lottery. Claim your reward now: http://claim-prize9279492.xyz/bonus
spam,URGENT: Your bank account has been temporarily locked due to suspicious activity. Verify immediately: https://secure-bank-verify332.com/login
spam,"Congratulations! Your mobile number has won Rs. 25,00,000 in KBC All India Lucky Draw. Call executive at +91-7946021881 to claim your prize cheque."
ham,"Hey Ananya, can you send me Rs. 8134245608 on GPay? Will return it tomorrow."
spam,Your parcel delivery has failed due to missing street address. Update your address within 12 hours: http://courier-address-fix8129345964.top or call driver +91-286.
ham,Sent you Rs. Vikram on PhonePe for yesterday's dinner bill.
spam,"Dear Customer, you received a tax refund of Rs. 113. Submit your bank credentials to deposit: https://incometax-refund-portal1223245.org/claim"
spam,Earn $5000 weekly working from home with no experience needed! Sign up today: http://quick-cash-scheme334.biz/register
spam,"Credit card limit increased to Rs. 5,00,000 without income proof! Claim your pre-approved card now: http://card-upgrade8829722585.xyz or WhatsApp +91-577."
spam,FINAL WARNING: Your email account will be permanently deactivated within 24 hours. Click to reactivate: https://mail-security-desk284.net/verify
ham,Your monthly mobile postpaid bill of Rs. 9259 is due on 888682. Pay via Airtel Thanks App to avoid late charges.
spam,"Dear SBI user, your YONO account has been blocked due to unverified PAN card. Please update immediately: http://bit.ly/sbi-yono-update8646782071 or call +91-245."
spam,"Dear customer, your loan of Rs. 3,50,000 is approved at 2% interest rate. No CIBIL score required. Call loan officer at +91-7416189353 to disburse funds."
spam,Part-time job offer: Earn Rs. 2000 to Rs. 6000 daily from home by simply liking YouTube videos! Contact on WhatsApp +1 (555) 349-9787662413 now.
ham,"Hey Kavita, can you send me Rs. 7177827809 on GPay? Will return it tomorrow."
spam,Crypto Alert: Deposit 0.1 BTC and receive 1.0 BTC within 24 hours guaranteed! Join: http://crypto-doubler280.top/invest
ham,Your flight booking reference Ananya from Mumbai to Delhi is confirmed for departure at 5.
spam,URGENT: Your SIM card KYC is incomplete. Your outgoing calls will be stopped in 24 hrs. Call customer care helpline at 1800-8361035225 or +91-669 immediately.
ham,Here is the shared project document: https://docs.google.com/document/d/projKavita - please review.
spam,"Dear SBI user, your YONO account has been blocked due to unverified PAN card. Please update immediately: http://bit.ly/sbi-yono-update7155130312 or call +91-168."
spam,Congratulations! You have won Rs. 887 in the international lottery. Claim your reward now: http://claim-prize7547256.xyz/bonus
ham,"Dear Customer, your A/C ending 4407 is credited with Rs. 364507 on 6767. Avail Bal: Rs. 39005. - SBI"
ham,Your OTP for online transaction of Rs. 12096 at Amazon is 657668. Valid for 10 mins. Do not share OTP with anyone. - HDFC Bank
ham,"Good morning, here is the updated presentation deck for our team demonstration."
spam,Exclusive Offer: 90% discount on luxury watches and electronics. Limited stock available: http://discount-store813.xyz/shop
spam,Your pending invoice #963.pdf is ready for download. Click here: https://billing-doc1379940.com/invoice.exe
ham,Check this GitHub repository for the code implementation: https://github.com/team-dev/repoAditya
spam,Congratulations! You have won Rs. 742 in the international lottery. Claim your reward now: http://claim-prize9153786.xyz/bonus
ham,"Hey Amit, I have reached the restaurant. Let me know when you arrive."
ham,"Good morning, here is the updated presentation deck for our team demonstration."
ham,"Hi Sameer, could you review the pull request for the authentication module when you have a moment?"
spam,FINAL WARNING: Your email account will be permanently deactivated within 24 hours. Click to reactivate: https://mail-security-desk467.net/verify
ham,"Dear customer, cash withdrawal of Rs. 757 from ATM at 227154 was successful. - ICICI Bank"
ham,Check this GitHub repository for the code implementation: https://github.com/team-dev/repoSoham
ham,"Dear customer, cash withdrawal of Rs. 6159 from ATM at 812033 was successful. - ICICI Bank"
ham,Let's meet at the library around Rahul PM to finish the group project.
spam,Your pending invoice #150.pdf is ready for download. Click here: https://billing-doc9453660.com/invoice.exe
spam,Your pending invoice #938.pdf is ready for download. Click here: https://billing-doc7588070.com/invoice.exe
spam,Congratulations! You have won Rs. 956 in the international lottery. Claim your reward now: http://claim-prize9633951.xyz/bonus
ham,"I lost my phone, this is my new temporary number +91-Tanvi, save it."
spam,You have 1 new unread secure message from Payroll Department. Access document: https://payroll-update76.com/login.php
ham,Your flight booking reference Aditya from Mumbai to Delhi is confirmed for departure at 11.
ham,"Hi Sneha, could you review the pull request for the authentication module when you have a moment?"
spam,Security Alert! Unauthorized login attempt detected from IP 986. Confirm your password here: http://461182/account/update
spam,Your pending invoice #102.pdf is ready for download. Click here: https://billing-doc6423365.com/invoice.exe
spam,Your parcel delivery has failed due to missing street address. Update your address within 12 hours: http://courier-address-fix9614308416.top or call driver +91-259.
ham,"Hey dude, what time does the match start today?"
spam,"Credit card limit increased to Rs. 5,00,000 without income proof! Claim your pre-approved card now: http://card-upgrade9602947806.xyz or WhatsApp +91-882."
ham,Here is the shared project document: https://docs.google.com/document/d/projAmit - please review.
ham,Your appointment with Dr. Sharma has been booked for tomorrow at 4:30 PM.
ham,Can you share the assignment PDF with me?
ham,Check this GitHub repository for the code implementation: https://github.com/team-dev/repoVikram
spam,"Credit card limit increased to Rs. 5,00,000 without income proof! Claim your pre-approved card now: http://card-upgrade9777361838.xyz or WhatsApp +91-819."
ham,Please find attached the project status report for QSneha review. Let me know your thoughts.
ham,Read this article when free: https://wikipedia.org/wiki/TopicRahul
spam,URGENT: Your SIM card KYC is incomplete. Your outgoing calls will be stopped in 24 hrs. Call customer care helpline at 1800-8459458516 or +91-515 immediately.
ham,"Hey Aditya, I have reached the restaurant. Let me know when you arrive."
ham,Reminder: Your doctor appointment is scheduled for tomorrow at 11285 PM at City Clinic.
ham,Let's meet at the library around Ananya PM to finish the group project.
ham,Your package with tracking #1638 will be delivered today by courier. Contact delivery associate at +91 98520413 to coordinate.
ham,Your appointment with Dr. Sharma has been booked for tomorrow at 4:30 PM.
ham,"I lost my phone, this is my new temporary number +91-Soham, save it."
spam,"Dear Customer, you received a tax refund of Rs. 857. Submit your bank credentials to deposit: https://incometax-refund-portal5771822.org/claim"
spam,Security Alert! Unauthorized login attempt detected from IP 406. Confirm your password here: http://1714456/account/update
spam,FINAL WARNING: Your email account will be permanently deactivated within 24 hours. Click to reactivate: https://mail-security-desk128.net/verify
ham,Let's meet at the library around Tanvi PM to finish the group project.
spam,Exclusive Offer: 90% discount on luxury watches and electronics. Limited stock available: http://discount-store289.xyz/shop
ham,Your cab driver 14661 (+91 97386778) has arrived at your pickup location. PIN is 8082.
spam,"Credit card limit increased to Rs. 5,00,000 without income proof! Claim your pre-approved card now: http://card-upgrade7810249274.xyz or WhatsApp +91-680."
ham,Your order from Zomato is on its way. Delivery partner is moving towards your location.
spam,URGENT: Your bank account has been temporarily locked due to suspicious activity. Verify immediately: https://secure-bank-verify284.com/login
ham,"Hi Priya, let's catch up for lunch today around 1:00 PM if you're free."
spam,"Dear SBI user, your YONO account has been blocked due to unverified PAN card. Please update immediately: http://bit.ly/sbi-yono-update8421989063 or call +91-293."
ham,Your package with tracking #13545 will be delivered today by courier. Contact delivery associate at +91 98437278 to coordinate.
ham,"Hi all, please note the office will remain closed on Monday on account of public holiday."
ham,Your cab driver 2391 (+91 97859064) has arrived at your pickup location. PIN is 3754.
spam,"Credit card limit increased to Rs. 5,00,000 without income proof! Claim your pre-approved card now: http://card-upgrade8272382197.xyz or WhatsApp +91-989."
ham,Read this article when free: https://wikipedia.org/wiki/TopicVikram
ham,"Hey Vikram, I have reached the restaurant. Let me know when you arrive."
spam,Your parcel delivery has failed due to missing street address. Update your address within 12 hours: http://courier-address-fix9371819772.top or call driver +91-870.
ham,Read this article when free: https://wikipedia.org/wiki/TopicRahul
ham,Can you share the assignment PDF with me?
spam,"Dear customer, your loan of Rs. 3,50,000 is approved at 2% interest rate. No CIBIL score required. Call loan officer at +91-7909218564 to disburse funds."
ham,"Bhai, call me at +91-Kavita as soon as possible."
spam,Part-time job offer: Earn Rs. 2000 to Rs. 6000 daily from home by simply liking YouTube videos! Contact on WhatsApp +1 (555) 349-8267939023 now.
spam,"Dear Customer, you received a tax refund of Rs. 309. Submit your bank credentials to deposit: https://incometax-refund-portal6960160.org/claim"
spam,"Dear Customer, you received a tax refund of Rs. 782. Submit your bank credentials to deposit: https://incometax-refund-portal8899653.org/claim"
spam,Your parcel delivery has failed due to missing street address. Update your address within 12 hours: http://courier-address-fix9022055397.top or call driver +91-262.
ham,Let's meet at the library around Vikram PM to finish the group project.
spam,Security Alert! Unauthorized login attempt detected from IP 652. Confirm your password here: http://1722305/account/update
ham,Watch this funny clip: https://youtu.be/Aditya
ham,Your cab driver 14081 (+91 97984584) has arrived at your pickup location. PIN is 1207.
spam,URGENT: Your SIM card KYC is incomplete. Your outgoing calls will be stopped in 24 hrs. Call customer care helpline at 1800-7013702836 or +91-568 immediately.
ham,Reminder: Your doctor appointment is scheduled for tomorrow at 12592 PM at City Clinic.
ham,Happy birthday bro! Have an awesome year ahead!
ham,Here is the shared project document: https://docs.google.com/document/d/projAnanya - please review.
ham,"Hi Kavita, can we reschedule our meeting to tomorrow at 7 PM? Thanks."
spam,"Dear Customer, you received a tax refund of Rs. 677. Submit your bank credentials to deposit: https://incometax-refund-portal3322294.org/claim"
spam,Earn $5000 weekly working from home with no experience needed! Sign up today: http://quick-cash-scheme620.biz/register
spam,Security Alert! Unauthorized login attempt detected from IP 369. Confirm your password here: http://3115717/account/update
spam,FINAL WARNING: Your email account will be permanently deactivated within 24 hours. Click to reactivate: https://mail-security-desk164.net/verify
ham,Your OTP for online transaction of Rs. 6933 at Amazon is 985866. Valid for 10 mins. Do not share OTP with anyone. - HDFC Bank
spam,Exclusive Offer: 90% discount on luxury watches and electronics. Limited stock available: http://discount-store967.xyz/shop
spam,"Dear consumer, your electricity power will be disconnected tonight at 9:30 PM because your previous month bill was not updated. Please call our electricity officer at +91-7316749031 immediately."
spam,Part-time job offer: Earn Rs. 2000 to Rs. 6000 daily from home by simply liking YouTube videos! Contact on WhatsApp +1 (555) 349-9987236955 now.
ham,Reminder: Your doctor appointment is scheduled for tomorrow at 14045 PM at City Clinic.
spam,Part-time job offer: Earn Rs. 2000 to Rs. 6000 daily from home by simply liking YouTube videos! Contact on WhatsApp +1 (555) 349-8236611605 now.
ham,Your OTP for online transaction of Rs. 4246 at Amazon is 981799. Valid for 10 mins. Do not share OTP with anyone. - HDFC Bank
spam,You have 1 new unread secure message from Payroll Department. Access document: https://payroll-update725.com/login.php
ham,"Hi Sneha, can we reschedule our meeting to tomorrow at 7 PM? Thanks."
spam,"Credit card limit increased to Rs. 5,00,000 without income proof! Claim your pre-approved card now: http://card-upgrade9237795493.xyz or WhatsApp +91-148."
ham,Sent you Rs. Sneha on PhonePe for yesterday's dinner bill.
spam,Crypto Alert: Deposit 0.1 BTC and receive 1.0 BTC within 24 hours guaranteed! Join: http://crypto-doubler792.top/invest
ham,Can you send the lecture notes from yesterday?
ham,Hey are you coming to class today? Professor is taking attendance.
ham,"Dear customer, cash withdrawal of Rs. 5563 from ATM at 371265 was successful. - ICICI Bank"
ham,"Bro, did you complete the homework for tomorrow's class?"
ham,"Dear customer, cash withdrawal of Rs. 4815 from ATM at 653957 was successful. - ICICI Bank"
spam,Exclusive Offer: 90% discount on luxury watches and electronics. Limited stock available: http://discount-store196.xyz/shop
spam,"Credit card limit increased to Rs. 5,00,000 without income proof! Claim your pre-approved card now: http://card-upgrade8492050363.xyz or WhatsApp +91-848."
ham,"Call me urgently, it is important."
spam,"Credit card limit increased to Rs. 5,00,000 without income proof! Claim your pre-approved card now: http://card-upgrade8541908076.xyz or WhatsApp +91-513."
ham,"Hey team, the sprint planning session is confirmed for Sameer at 10:00 AM."
ham,Can you transfer money for movie tickets? My UPI is not working.
spam,URGENT: Your SIM card KYC is incomplete. Your outgoing calls will be stopped in 24 hrs. Call customer care helpline at 1800-8373529798 or +91-752 immediately.
spam,Exclusive Offer: 90% discount on luxury watches and electronics. Limited stock available: http://discount-store663.xyz/shop
spam,Crypto Alert: Deposit 0.1 BTC and receive 1.0 BTC within 24 hours guaranteed! Join: http://crypto-doubler132.top/invest
spam,"Congratulations! Your mobile number has won Rs. 25,00,000 in KBC All India Lucky Draw. Call executive at +91-7923713322 to claim your prize cheque."
ham,Your monthly mobile postpaid bill of Rs. 9762 is due on 490560. Pay via Airtel Thanks App to avoid late charges.
spam,"Dear Customer, you received a tax refund of Rs. 871. Submit your bank credentials to deposit: https://incometax-refund-portal5359402.org/claim"
ham,Can you transfer money for movie tickets? My UPI is not working.
ham,Receipt for your recent payment of Rs. Amit to Electric Utility Services.
ham,Reminder: Your doctor appointment is scheduled for tomorrow at 9323 PM at City Clinic.
ham,Read this article when free: https://wikipedia.org/wiki/TopicSoham
ham,Your monthly mobile postpaid bill of Rs. 7365 is due on 507621. Pay via Airtel Thanks App to avoid late charges.
spam,Earn $5000 weekly working from home with no experience needed! Sign up today: http://quick-cash-scheme55.biz/register
ham,"Bro, did you complete the homework for tomorrow's class?"
spam,"Dear consumer, your electricity power will be disconnected tonight at 9:30 PM because your previous month bill was not updated. Please call our electricity officer at +91-8133936083 immediately."
spam,Earn $5000 weekly working from home with no experience needed! Sign up today: http://quick-cash-scheme644.biz/register
spam,"Dear customer, your loan of Rs. 3,50,000 is approved at 2% interest rate. No CIBIL score required. Call loan officer at +91-8344786897 to disburse funds."
spam,Your pending invoice #303.pdf is ready for download. Click here: https://billing-doc2261930.com/invoice.exe
ham,Hey are you coming to class today? Professor is taking attendance.
spam,URGENT: Your bank account has been temporarily locked due to suspicious activity. Verify immediately: https://secure-bank-verify534.com/login
spam,Security Alert! Unauthorized login attempt detected from IP 249. Confirm your password here: http://2127695/account/update
ham,Your OTP for online transaction of Rs. 2056 at Amazon is 226907. Valid for 10 mins. Do not share OTP with anyone. - HDFC Bank
ham,"I lost my phone, this is my new temporary number +91-Aditya, save it."
spam,URGENT: Your SIM card KYC is incomplete. Your outgoing calls will be stopped in 24 hrs. Call customer care helpline at 1800-7018347785 or +91-954 immediately.
spam,FINAL WARNING: Your email account will be permanently deactivated within 24 hours. Click to reactivate: https://mail-security-desk952.net/verify
spam,Your parcel delivery has failed due to missing street address. Update your address within 12 hours: http://courier-address-fix7683742442.top or call driver +91-417.
ham,Hey are you coming to class today? Professor is taking attendance.
ham,Can you send the lecture notes from yesterday?
ham,"Hey team, the sprint planning session is confirmed for Amit at 10:00 AM."
spam,URGENT: Your bank account has been temporarily locked due to suspicious activity. Verify immediately: https://secure-bank-verify928.com/login
spam,"Dear SBI user, your YONO account has been blocked due to unverified PAN card. Please update immediately: http://bit.ly/sbi-yono-update7164033266 or call +91-966."
ham,"Hi all, please note the office will remain closed on Monday on account of public holiday."
ham,"Please pick up the phone, need to ask you something urgent."
spam,You have 1 new unread secure message from Payroll Department. Access document: https://payroll-update403.com/login.php
spam,"Credit card limit increased to Rs. 5,00,000 without income proof! Claim your pre-approved card now: http://card-upgrade8544025202.xyz or WhatsApp +91-879."
ham,"Hi Priya, let's catch up for lunch today around 1:00 PM if you're free."
ham,Happy birthday bro! Have an awesome year ahead!
spam,Your parcel delivery has failed due to missing street address. Update your address within 12 hours: http://courier-address-fix8244399447.top or call driver +91-209.
spam,URGENT: Your SIM card KYC is incomplete. Your outgoing calls will be stopped in 24 hrs. Call customer care helpline at 1800-9901248017 or +91-384 immediately.
spam,Exclusive Offer: 90% discount on luxury watches and electronics. Limited stock available: http://discount-store848.xyz/shop
ham,Hey are you coming to class today? Professor is taking attendance.
ham,"Hi Priya, can we reschedule our meeting to tomorrow at 7 PM? Thanks."
spam,Security Alert! Unauthorized login attempt detected from IP 806. Confirm your password here: http://9387468/account/update
spam,Part-time job offer: Earn Rs. 2000 to Rs. 6000 daily from home by simply liking YouTube videos! Contact on WhatsApp +1 (555) 349-8974067676 now.
spam,Exclusive Offer: 90% discount on luxury watches and electronics. Limited stock available: http://discount-store839.xyz/shop
ham,"Call me urgently, it is important."
ham,"Hi Sneha, could you review the pull request for the authentication module when you have a moment?"
ham,"Dear customer, cash withdrawal of Rs. 9336 from ATM at 661993 was successful. - ICICI Bank"
spam,Crypto Alert: Deposit 0.1 BTC and receive 1.0 BTC within 24 hours guaranteed! Join: http://crypto-doubler919.top/invest
spam,Your pending invoice #447.pdf is ready for download. Click here: https://billing-doc4258973.com/invoice.exe
ham,Reminder: The weekly engineering standup will start in 15 minutes on Google Meet.
ham,"Dear customer, cash withdrawal of Rs. 1589 from ATM at 814032 was successful. - ICICI Bank"
ham,Watch this funny clip: https://youtu.be/Ananya
ham,"Hey dude, what time does the match start today?"
spam,"Congratulations! Your mobile number has won Rs. 25,00,000 in KBC All India Lucky Draw. Call executive at +91-7135389781 to claim your prize cheque."
ham,"Please pick up the phone, need to ask you something urgent."
ham,"Hey team, the sprint planning session is confirmed for Rahul at 10:00 AM."
spam,Security Alert! Unauthorized login attempt detected from IP 385. Confirm your password here: http://659359/account/update
spam,Your parcel delivery has failed due to missing street address. Update your address within 12 hours: http://courier-address-fix9292718760.top or call driver +91-634.
ham,"Bro, did you complete the homework for tomorrow's class?"
ham,Reminder: Your doctor appointment is scheduled for tomorrow at 11531 PM at City Clinic.
spam,"Credit card limit increased to Rs. 5,00,000 without income proof! Claim your pre-approved card now: http://card-upgrade7901981294.xyz or WhatsApp +91-176."
spam,"Dear Customer, you received a tax refund of Rs. 72. Submit your bank credentials to deposit: https://incometax-refund-portal361165.org/claim"
spam,Congratulations! You have won Rs. 399 in the international lottery. Claim your reward now: http://claim-prize9867092.xyz/bonus
ham,"Dear customer, cash withdrawal of Rs. 5710 from ATM at 623692 was successful. - ICICI Bank"
ham,Thanks for your help with the bug in the code earlier.
ham,Reminder: Your doctor appointment is scheduled for tomorrow at 1110 PM at City Clinic.
spam,URGENT: Your SIM card KYC is incomplete. Your outgoing calls will be stopped in 24 hrs. Call customer care helpline at 1800-7810481327 or +91-390 immediately.
ham,Reminder: Your doctor appointment is scheduled for tomorrow at 13986 PM at City Clinic.
spam,You have 1 new unread secure message from Payroll Department. Access document: https://payroll-update644.com/login.php
ham,Reminder: The weekly engineering standup will start in 15 minutes on Google Meet.
spam,"Congratulations! Your mobile number has won Rs. 25,00,000 in KBC All India Lucky Draw. Call executive at +91-8172153941 to claim your prize cheque."
spam,"Dear Customer, you received a tax refund of Rs. 791. Submit your bank credentials to deposit: https://incometax-refund-portal3217946.org/claim"
ham,Please submit your semester assignment before Friday 5:00 PM on the university portal.
spam,"Dear customer, your loan of Rs. 3,50,000 is approved at 2% interest rate. No CIBIL score required. Call loan officer at +91-9569891631 to disburse funds."
ham,Reminder: Your doctor appointment is scheduled for tomorrow at 6427 PM at City Clinic.
spam,"Dear consumer, your electricity power will be disconnected tonight at 9:30 PM because your previous month bill was not updated. Please call our electricity officer at +91-7372887282 immediately."
ham,"Hi Tanvi, could you review the pull request for the authentication module when you have a moment?"
ham,Your monthly mobile postpaid bill of Rs. 9629 is due on 407379. Pay via Airtel Thanks App to avoid late charges.
spam,Part-time job offer: Earn Rs. 2000 to Rs. 6000 daily from home by simply liking YouTube videos! Contact on WhatsApp +1 (555) 349-9807563405 now.
ham,Please submit your semester assignment before Friday 5:00 PM on the university portal.
ham,"Hi Vikram, can we reschedule our meeting to tomorrow at 5 PM? Thanks."
spam,Earn $5000 weekly working from home with no experience needed! Sign up today: http://quick-cash-scheme574.biz/register
spam,Your parcel delivery has failed due to missing street address. Update your address within 12 hours: http://courier-address-fix8362686794.top or call driver +91-553.
spam,You have 1 new unread secure message from Payroll Department. Access document: https://payroll-update894.com/login.php
ham,Your monthly mobile postpaid bill of Rs. 13148 is due on 868509. Pay via Airtel Thanks App to avoid late charges.
ham,"Hey Kavita, I have reached the restaurant. Let me know when you arrive."
ham,Receipt for your recent payment of Rs. Amit to Electric Utility Services.
spam,Your parcel delivery has failed due to missing street address. Update your address within 12 hours: http://courier-address-fix7342471867.top or call driver +91-180.
spam,URGENT: Your SIM card KYC is incomplete. Your outgoing calls will be stopped in 24 hrs. Call customer care helpline at 1800-9629057315 or +91-706 immediately.
spam,Security Alert! Unauthorized login attempt detected from IP 854. Confirm your password here: http://1543114/account/update
spam,Your parcel delivery has failed due to missing street address. Update your address within 12 hours: http://courier-address-fix8393616179.top or call driver +91-661.
ham,Your order from Zomato is on its way. Delivery partner is moving towards your location.
ham,"I lost my phone, this is my new temporary number +91-Rohan, save it."
spam,Your parcel delivery has failed due to missing street address. Update your address within 12 hours: http://courier-address-fix9438136274.top or call driver +91-450.
spam,Your parcel delivery has failed due to missing street address. Update your address within 12 hours: http://courier-address-fix8958239797.top or call driver +91-958.
ham,Are you awake? Give me a quick ring when you see this.
ham,Thanks for your help with the bug in the code earlier.
spam,URGENT: Your bank account has been temporarily locked due to suspicious activity. Verify immediately: https://secure-bank-verify247.com/login
ham,"Dear Customer, your A/C ending 10514 is credited with Rs. 297899 on 1706. Avail Bal: Rs. 57358. - SBI"
ham,"Bro, did you complete the homework for tomorrow's class?"
spam,URGENT: Your SIM card KYC is incomplete. Your outgoing calls will be stopped in 24 hrs. Call customer care helpline at 1800-9405122635 or +91-349 immediately.
ham,Your package with tracking #6075 will be delivered today by courier. Contact delivery associate at +91 98889974 to coordinate.
spam,"Credit card limit increased to Rs. 5,00,000 without income proof! Claim your pre-approved card now: http://card-upgrade7905053939.xyz or WhatsApp +91-107."
ham,Your monthly mobile postpaid bill of Rs. 8710 is due on 139390. Pay via Airtel Thanks App to avoid late charges.
spam,"Dear Customer, you received a tax refund of Rs. 789. Submit your bank credentials to deposit: https://incometax-refund-portal6037520.org/claim"
ham,Your appointment with Dr. Sharma has been booked for tomorrow at 4:30 PM.
ham,Bhai where are you? Waiting outside the metro station.
spam,URGENT: Your bank account has been temporarily locked due to suspicious activity. Verify immediately: https://secure-bank-verify587.com/login
ham,"Hi all, please note the office will remain closed on Monday on account of public holiday."
ham,"Hi Amit, could you review the pull request for the authentication module when you have a moment?"
spam,"Congratulations! Your mobile number has won Rs. 25,00,000 in KBC All India Lucky Draw. Call executive at +91-8638630825 to claim your prize cheque."
spam,URGENT: Your bank account has been temporarily locked due to suspicious activity. Verify immediately: https://secure-bank-verify18.com/login
spam,Exclusive Offer: 90% discount on luxury watches and electronics. Limited stock available: http://discount-store619.xyz/shop
ham,Can you share the assignment PDF with me?
ham,"Hey team, the sprint planning session is confirmed for Tanvi at 10:00 AM."
spam,URGENT: Your SIM card KYC is incomplete. Your outgoing calls will be stopped in 24 hrs. Call customer care helpline at 1800-9199116051 or +91-159 immediately.
spam,Your pending invoice #697.pdf is ready for download. Click here: https://billing-doc8979312.com/invoice.exe
spam,URGENT: Your SIM card KYC is incomplete. Your outgoing calls will be stopped in 24 hrs. Call customer care helpline at 1800-7027787763 or +91-984 immediately.
spam,Crypto Alert: Deposit 0.1 BTC and receive 1.0 BTC within 24 hours guaranteed! Join: http://crypto-doubler820.top/invest
spam,"Dear customer, your loan of Rs. 3,50,000 is approved at 2% interest rate. No CIBIL score required. Call loan officer at +91-7088402750 to disburse funds."
ham,"Please pick up the phone, need to ask you something urgent."
spam,"Congratulations! Your mobile number has won Rs. 25,00,000 in KBC All India Lucky Draw. Call executive at +91-9876801151 to claim your prize cheque."
spam,"Congratulations! Your mobile number has won Rs. 25,00,000 in KBC All India Lucky Draw. Call executive at +91-7192181720 to claim your prize cheque."
ham,Can you share the assignment PDF with me?
ham,Can you send the lecture notes from yesterday?
ham,Here are the notes and action items from yesterday's discussion with the client.
spam,Your parcel delivery has failed due to missing street address. Update your address within 12 hours: http://courier-address-fix9282540804.top or call driver +91-983.
ham,Can you pay Rs. Ananya for the pizza? I will give you cash tonight.
ham,Watch this funny clip: https://youtu.be/Tanvi
spam,"Dear SBI user, your YONO account has been blocked due to unverified PAN card. Please update immediately: http://bit.ly/sbi-yono-update8382776174 or call +91-923."
spam,URGENT: Your bank account has been temporarily locked due to suspicious activity. Verify immediately: https://secure-bank-verify895.com/login
ham,"Dear customer, cash withdrawal of Rs. 2908 from ATM at 242161 was successful. - ICICI Bank"
spam,Congratulations! You have won Rs. 192 in the international lottery. Claim your reward now: http://claim-prize3392362.xyz/bonus
spam,You have 1 new unread secure message from Payroll Department. Access document: https://payroll-update825.com/login.php
spam,Exclusive Offer: 90% discount on luxury watches and electronics. Limited stock available: http://discount-store970.xyz/shop
ham,Watch this funny clip: https://youtu.be/Amit
ham,"Congratulations on getting the job offer, so proud of you!"
ham,Can you share Priya's contact number with me?
ham,Can you transfer money for movie tickets? My UPI is not working.
ham,Here is the shared project document: https://docs.google.com/document/d/projSameer - please review.
spam,Congratulations! You have won Rs. 517 in the international lottery. Claim your reward now: http://claim-prize2876764.xyz/bonus
ham,"Congratulations on getting the job offer, so proud of you!"
spam,FINAL WARNING: Your email account will be permanently deactivated within 24 hours. Click to reactivate: https://mail-security-desk265.net/verify
ham,Thank you for your order #Amit. Your package has been dispatched and will arrive by 5.
spam,"Congratulations! Your mobile number has won Rs. 25,00,000 in KBC All India Lucky Draw. Call executive at +91-9653906866 to claim your prize cheque."
spam,"Dear customer, your loan of Rs. 3,50,000 is approved at 2% interest rate. No CIBIL score required. Call loan officer at +91-7850204263 to disburse funds."
ham,Let's meet at the library around Rahul PM to finish the group project.
ham,"Congratulations on getting the job offer, so proud of you!"
ham,Your order from Zomato is on its way. Delivery partner is moving towards your location.
ham,"Hey team, the sprint planning session is confirmed for Amit at 10:00 AM."
ham,Can you share the assignment PDF with me?
spam,"Dear Customer, you received a tax refund of Rs. 949. Submit your bank credentials to deposit: https://incometax-refund-portal955396.org/claim"
spam,FINAL WARNING: Your email account will be permanently deactivated within 24 hours. Click to reactivate: https://mail-security-desk79.net/verify
ham,"Bhai, call me at +91-Rohan as soon as possible."
ham,Are you free tonight? Let's go to that cafe.
ham,"Mom said dinner is ready, come home soon."
ham,Your flight booking reference Priya from Mumbai to Delhi is confirmed for departure at 11.
ham,Your package with tracking #1041 will be delivered today by courier. Contact delivery associate at +91 98221546 to coordinate.
ham,Reminder: Your doctor appointment is scheduled for tomorrow at 2301 PM at City Clinic.
spam,Your parcel delivery has failed due to missing street address. Update your address within 12 hours: http://courier-address-fix8695962302.top or call driver +91-261.
ham,"Split the cab fare on UPI, your share is Rs. Aditya."
ham,Your package with tracking #1125 will be delivered today by courier. Contact delivery associate at +91 98199813 to coordinate.
ham,Your OTP for online transaction of Rs. 11915 at Amazon is 979587. Valid for 10 mins. Do not share OTP with anyone. - HDFC Bank
spam,"Dear customer, your loan of Rs. 3,50,000 is approved at 2% interest rate. No CIBIL score required. Call loan officer at +91-9424237880 to disburse funds."
ham,Check this GitHub repository for the code implementation: https://github.com/team-dev/repoAnanya
spam,Your pending invoice #165.pdf is ready for download. Click here: https://billing-doc7115398.com/invoice.exe
ham,Are you free tonight? Let's go to that cafe.
ham,"Please call me at +91-Sameer immediately, need some help."
ham,Can you transfer money for movie tickets? My UPI is not working.
ham,Your OTP for online transaction of Rs. 8096 at Amazon is 568702. Valid for 10 mins. Do not share OTP with anyone. - HDFC Bank
ham,Can you share Tanvi's contact number with me?
ham,Please submit your semester assignment before Friday 5:00 PM on the university portal.
spam,Security Alert! Unauthorized login attempt detected from IP 790. Confirm your password here: http://6641588/account/update
ham,"Bro, did you complete the homework for tomorrow's class?"
ham,Your OTP for online transaction of Rs. 13855 at Amazon is 449706. Valid for 10 mins. Do not share OTP with anyone. - HDFC Bank
spam,Earn $5000 weekly working from home with no experience needed! Sign up today: http://quick-cash-scheme380.biz/register
spam,You have 1 new unread secure message from Payroll Department. Access document: https://payroll-update800.com/login.php
spam,Exclusive Offer: 90% discount on luxury watches and electronics. Limited stock available: http://discount-store158.xyz/shop
ham,Can you send the lecture notes from yesterday?
spam,FINAL WARNING: Your email account will be permanently deactivated within 24 hours. Click to reactivate: https://mail-security-desk298.net/verify
ham,Your package with tracking #13279 will be delivered today by courier. Contact delivery associate at +91 98821770 to coordinate.
ham,Your cab driver 11788 (+91 97738165) has arrived at your pickup location. PIN is 4272.
spam,You have 1 new unread secure message from Payroll Department. Access document: https://payroll-update110.com/login.php
spam,Your pending invoice #457.pdf is ready for download. Click here: https://billing-doc2598932.com/invoice.exe
ham,"Dear Customer, your A/C ending 2480 is credited with Rs. 953885 on 3730. Avail Bal: Rs. 20870. - SBI"
spam,You have 1 new unread secure message from Payroll Department. Access document: https://payroll-update203.com/login.php
spam,URGENT: Your SIM card KYC is incomplete. Your outgoing calls will be stopped in 24 hrs. Call customer care helpline at 1800-9688514536 or +91-945 immediately.
ham,"Split the cab fare on UPI, your share is Rs. Kavita."
spam,URGENT: Your bank account has been temporarily locked due to suspicious activity. Verify immediately: https://secure-bank-verify241.com/login
spam,Earn $5000 weekly working from home with no experience needed! Sign up today: http://quick-cash-scheme673.biz/register
spam,"Dear Customer, you received a tax refund of Rs. 820. Submit your bank credentials to deposit: https://incometax-refund-portal6453687.org/claim"
ham,"Bhai, call me at +91-Sneha as soon as possible."
spam,Exclusive Offer: 90% discount on luxury watches and electronics. Limited stock available: http://discount-store173.xyz/shop
spam,Earn $5000 weekly working from home with no experience needed! Sign up today: http://quick-cash-scheme310.biz/register
spam,"Dear SBI user, your YONO account has been blocked due to unverified PAN card. Please update immediately: http://bit.ly/sbi-yono-update7729737432 or call +91-355."
spam,"Dear consumer, your electricity power will be disconnected tonight at 9:30 PM because your previous month bill was not updated. Please call our electricity officer at +91-9386901016 immediately."
spam,Security Alert! Unauthorized login attempt detected from IP 868. Confirm your password here: http://3822688/account/update
ham,Please submit your semester assignment before Friday 5:00 PM on the university portal.
spam,Crypto Alert: Deposit 0.1 BTC and receive 1.0 BTC within 24 hours guaranteed! Join: http://crypto-doubler81.top/invest
ham,Please find attached the project status report for QKavita review. Let me know your thoughts.
ham,"Dear Customer, your A/C ending 466 is credited with Rs. 102899 on 8010. Avail Bal: Rs. 39885. - SBI"
spam,Earn $5000 weekly working from home with no experience needed! Sign up today: http://quick-cash-scheme346.biz/register
spam,"Dear consumer, your electricity power will be disconnected tonight at 9:30 PM because your previous month bill was not updated. Please call our electricity officer at +91-8243733014 immediately."
spam,Exclusive Offer: 90% discount on luxury watches and electronics. Limited stock available: http://discount-store820.xyz/shop
spam,You have 1 new unread secure message from Payroll Department. Access document: https://payroll-update363.com/login.php
spam,"Dear SBI user, your YONO account has been blocked due to unverified PAN card. Please update immediately: http://bit.ly/sbi-yono-update9301787075 or call +91-797."
ham,Your package with tracking #11556 will be delivered today by courier. Contact delivery associate at +91 98160250 to coordinate.
ham,Your package with tracking #9944 will be delivered today by courier. Contact delivery associate at +91 98912105 to coordinate.
ham,Watch this funny clip: https://youtu.be/Soham
ham,Please submit your semester assignment before Friday 5:00 PM on the university portal.
ham,Thank you for your order #Priya. Your package has been dispatched and will arrive by 11.
spam,"Congratulations! Your mobile number has won Rs. 25,00,000 in KBC All India Lucky Draw. Call executive at +91-7559987227 to claim your prize cheque."
spam,Exclusive Offer: 90% discount on luxury watches and electronics. Limited stock available: http://discount-store636.xyz/shop
ham,"Dear Customer, your A/C ending 7105 is credited with Rs. 120973 on 6657. Avail Bal: Rs. 47295. - SBI"
ham,Your monthly mobile postpaid bill of Rs. 9355 is due on 208845. Pay via Airtel Thanks App to avoid late charges.
ham,Are you awake? Give me a quick ring when you see this.
spam,"Dear Customer, you received a tax refund of Rs. 193. Submit your bank credentials to deposit: https://incometax-refund-portal5056831.org/claim"
ham,Thanks for your help with the bug in the code earlier.
spam,"Dear SBI user, your YONO account has been blocked due to unverified PAN card. Please update immediately: http://bit.ly/sbi-yono-update9812682294 or call +91-164."
ham,Your order from Zomato is on its way. Delivery partner is moving towards your location.
spam,Security Alert! Unauthorized login attempt detected from IP 566. Confirm your password here: http://5057518/account/update
spam,Earn $5000 weekly working from home with no experience needed! Sign up today: http://quick-cash-scheme597.biz/register
ham,Can you transfer money for movie tickets? My UPI is not working.
spam,Your pending invoice #430.pdf is ready for download. Click here: https://billing-doc8110748.com/invoice.exe
ham,Please submit your semester assignment before Friday 5:00 PM on the university portal.
spam,FINAL WARNING: Your email account will be permanently deactivated within 24 hours. Click to reactivate: https://mail-security-desk329.net/verify
spam,Your parcel delivery has failed due to missing street address. Update your address within 12 hours: http://courier-address-fix9034949211.top or call driver +91-145.
spam,"Dear customer, your loan of Rs. 3,50,000 is approved at 2% interest rate. No CIBIL score required. Call loan officer at +91-8555113918 to disburse funds."
ham,"Hi all, please note the office will remain closed on Monday on account of public holiday."
ham,Receipt for your recent payment of Rs. Tanvi to Electric Utility Services.
ham,Your monthly mobile postpaid bill of Rs. 7369 is due on 135092. Pay via Airtel Thanks App to avoid late charges.
ham,Your cab driver 2774 (+91 97226144) has arrived at your pickup location. PIN is 1266.
spam,"Dear customer, your loan of Rs. 3,50,000 is approved at 2% interest rate. No CIBIL score required. Call loan officer at +91-7832789052 to disburse funds."
ham,Can you pay Rs. Rohan for the pizza? I will give you cash tonight.
spam,URGENT: Your SIM card KYC is incomplete. Your outgoing calls will be stopped in 24 hrs. Call customer care helpline at 1800-8062684094 or +91-648 immediately.
ham,Your order from Zomato is on its way. Delivery partner is moving towards your location.
spam,"Credit card limit increased to Rs. 5,00,000 without income proof! Claim your pre-approved card now: http://card-upgrade9711328650.xyz or WhatsApp +91-858."
ham,"Hey Aditya, can you send me Rs. 7716854070 on GPay? Will return it tomorrow."
spam,"Dear SBI user, your YONO account has been blocked due to unverified PAN card. Please update immediately: http://bit.ly/sbi-yono-update9184629890 or call +91-931."
spam,Crypto Alert: Deposit 0.1 BTC and receive 1.0 BTC within 24 hours guaranteed! Join: http://crypto-doubler967.top/invest
spam,Your parcel delivery has failed due to missing street address. Update your address within 12 hours: http://courier-address-fix9858637288.top or call driver +91-288.
spam,URGENT: Your bank account has been temporarily locked due to suspicious activity. Verify immediately: https://secure-bank-verify712.com/login
ham,"Mom said dinner is ready, come home soon."
ham,Please find attached the project status report for QRohan review. Let me know your thoughts.
spam,"Dear Customer, you received a tax refund of Rs. 637. Submit your bank credentials to deposit: https://incometax-refund-portal2638014.org/claim"
ham,Your cab driver 286 (+91 97751218) has arrived at your pickup location. PIN is 3188.
spam,Security Alert! Unauthorized login attempt detected from IP 758. Confirm your password here: http://369812/account/update
spam,Crypto Alert: Deposit 0.1 BTC and receive 1.0 BTC within 24 hours guaranteed! Join: http://crypto-doubler513.top/invest
spam,"Credit card limit increased to Rs. 5,00,000 without income proof! Claim your pre-approved card now: http://card-upgrade9142059375.xyz or WhatsApp +91-154."
spam,"Dear SBI user, your YONO account has been blocked due to unverified PAN card. Please update immediately: http://bit.ly/sbi-yono-update7597644728 or call +91-962."
spam,FINAL WARNING: Your email account will be permanently deactivated within 24 hours. Click to reactivate: https://mail-security-desk233.net/verify
spam,Your parcel delivery has failed due to missing street address. Update your address within 12 hours: http://courier-address-fix8808982006.top or call driver +91-454.
spam,Exclusive Offer: 90% discount on luxury watches and electronics. Limited stock available: http://discount-store936.xyz/shop
ham,Watch this funny clip: https://youtu.be/Soham
spam,You have 1 new unread secure message from Payroll Department. Access document: https://payroll-update836.com/login.php
spam,"Dear customer, your loan of Rs. 3,50,000 is approved at 2% interest rate. No CIBIL score required. Call loan officer at +91-7285381969 to disburse funds."
spam,URGENT: Your bank account has been temporarily locked due to suspicious activity. Verify immediately: https://secure-bank-verify521.com/login
spam,Your parcel delivery has failed due to missing street address. Update your address within 12 hours: http://courier-address-fix9267211915.top or call driver +91-926.
spam,URGENT: Your SIM card KYC is incomplete. Your outgoing calls will be stopped in 24 hrs. Call customer care helpline at 1800-7879661752 or +91-295 immediately.
ham,"Hey dad, reached the station safely, booking cab now."
ham,Can you share Tanvi's contact number with me?
ham,Here are the notes and action items from yesterday's discussion with the client.
spam,"Dear Customer, you received a tax refund of Rs. 254. Submit your bank credentials to deposit: https://incometax-refund-portal6756655.org/claim"
ham,Watch this funny clip: https://youtu.be/Amit
ham,Sent you Rs. Rahul on PhonePe for yesterday's dinner bill.
spam,Crypto Alert: Deposit 0.1 BTC and receive 1.0 BTC within 24 hours guaranteed! Join: http://crypto-doubler140.top/invest
spam,URGENT: Your bank account has been temporarily locked due to suspicious activity. Verify immediately: https://secure-bank-verify107.com/login
ham,Reminder: Your doctor appointment is scheduled for tomorrow at 14602 PM at City Clinic.
spam,"Dear consumer, your electricity power will be disconnected tonight at 9:30 PM because your previous month bill was not updated. Please call our electricity officer at +91-7159746734 immediately."
spam,"Credit card limit increased to Rs. 5,00,000 without income proof! Claim your pre-approved card now: http://card-upgrade9274890917.xyz or WhatsApp +91-359."
spam,"Dear SBI user, your YONO account has been blocked due to unverified PAN card. Please update immediately: http://bit.ly/sbi-yono-update8065876107 or call +91-474."
ham,"Please call me at +91-Priya immediately, need some help."
ham,Your OTP for online transaction of Rs. 10711 at Amazon is 592539. Valid for 10 mins. Do not share OTP with anyone. - HDFC Bank
ham,Please submit your semester assignment before Friday 5:00 PM on the university portal.
spam,Exclusive Offer: 90% discount on luxury watches and electronics. Limited stock available: http://discount-store410.xyz/shop
ham,"Hey dad, reached the station safely, booking cab now."
spam,"Credit card limit increased to Rs. 5,00,000 without income proof! Claim your pre-approved card now: http://card-upgrade8138432073.xyz or WhatsApp +91-300."
ham,Can you transfer money for movie tickets? My UPI is not working.
ham,"Bro, did you complete the homework for tomorrow's class?"
ham,"Call me urgently, it is important."
spam,URGENT: Your SIM card KYC is incomplete. Your outgoing calls will be stopped in 24 hrs. Call customer care helpline at 1800-9840533055 or +91-565 immediately.
ham,"I lost my phone, this is my new temporary number +91-Soham, save it."
spam,Congratulations! You have won Rs. 972 in the international lottery. Claim your reward now: http://claim-prize326338.xyz/bonus
ham,Hey are you coming to class today? Professor is taking attendance.
spam,URGENT: Your SIM card KYC is incomplete. Your outgoing calls will be stopped in 24 hrs. Call customer care helpline at 1800-7014669698 or +91-363 immediately.
ham,Thank you for your order #Sameer. Your package has been dispatched and will arrive by 3.
spam,"Dear SBI user, your YONO account has been blocked due to unverified PAN card. Please update immediately: http://bit.ly/sbi-yono-update7590836287 or call +91-894."
ham,"Hey dad, reached the station safely, booking cab now."
spam,Security Alert! Unauthorized login attempt detected from IP 798. Confirm your password here: http://1344970/account/update
ham,Hey are you coming to class today? Professor is taking attendance.
spam,URGENT: Your SIM card KYC is incomplete. Your outgoing calls will be stopped in 24 hrs. Call customer care helpline at 1800-8911816868 or +91-690 immediately.
ham,Reminder: The weekly engineering standup will start in 15 minutes on Google Meet.
ham,"Split the cab fare on UPI, your share is Rs. Aditya."
ham,"Congratulations on getting the job offer, so proud of you!"
ham,Your cab driver 11386 (+91 97129937) has arrived at your pickup location. PIN is 5907.
spam,"Dear SBI user, your YONO account has been blocked due to unverified PAN card. Please update immediately: http://bit.ly/sbi-yono-update9628716538 or call +91-771."
spam,"Dear SBI user, your YONO account has been blocked due to unverified PAN card. Please update immediately: http://bit.ly/sbi-yono-update8503205697 or call +91-631."
spam,Part-time job offer: Earn Rs. 2000 to Rs. 6000 daily from home by simply liking YouTube videos! Contact on WhatsApp +1 (555) 349-7185753271 now.
spam,Congratulations! You have won Rs. 222 in the international lottery. Claim your reward now: http://claim-prize9884449.xyz/bonus
spam,Security Alert! Unauthorized login attempt detected from IP 548. Confirm your password here: http://8246993/account/update
ham,"Hi Sameer, could you review the pull request for the authentication module when you have a moment?"
ham,Can you transfer money for movie tickets? My UPI is not working.
spam,"Dear consumer, your electricity power will be disconnected tonight at 9:30 PM because your previous month bill was not updated. Please call our electricity officer at +91-8538053435 immediately."
ham,Here is the shared project document: https://docs.google.com/document/d/projPriya - please review.
ham,Your cab driver 5210 (+91 97816199) has arrived at your pickup location. PIN is 7205.
ham,Your cab driver 4669 (+91 97411013) has arrived at your pickup location. PIN is 5341.
spam,Crypto Alert: Deposit 0.1 BTC and receive 1.0 BTC within 24 hours guaranteed! Join: http://crypto-doubler713.top/invest
ham,Can you transfer money for movie tickets? My UPI is not working.
ham,"Good morning, here is the updated presentation deck for our team demonstration."
spam,Earn $5000 weekly working from home with no experience needed! Sign up today: http://quick-cash-scheme145.biz/register
spam,Your pending invoice #599.pdf is ready for download. Click here: https://billing-doc1803388.com/invoice.exe
ham,"Sorry for the late reply bro, was stuck in heavy traffic."
spam,"Dear customer, your loan of Rs. 3,50,000 is approved at 2% interest rate. No CIBIL score required. Call loan officer at +91-9938052460 to disburse funds."
spam,"Dear customer, your loan of Rs. 3,50,000 is approved at 2% interest rate. No CIBIL score required. Call loan officer at +91-9505495403 to disburse funds."
ham,"Hey Sameer, I have reached the restaurant. Let me know when you arrive."
ham,"Hey bro, call me urgently at +91-Tanvi when you are free, need your help."
spam,Congratulations! You have won Rs. 169 in the international lottery. Claim your reward now: http://claim-prize3139581.xyz/bonus
ham,"Dear Sneha, your monthly bank statement for account ending in 8 is ready for viewing in your portal."
ham,"Hi all, please note the office will remain closed on Monday on account of public holiday."
spam,"Dear SBI user, your YONO account has been blocked due to unverified PAN card. Please update immediately: http://bit.ly/sbi-yono-update7939906617 or call +91-694."
spam,"Dear Customer, you received a tax refund of Rs. 143. Submit your bank credentials to deposit: https://incometax-refund-portal3898787.org/claim"
spam,URGENT: Your SIM card KYC is incomplete. Your outgoing calls will be stopped in 24 hrs. Call customer care helpline at 1800-7164012042 or +91-303 immediately.
ham,"Dear customer, cash withdrawal of Rs. 10353 from ATM at 654264 was successful. - ICICI Bank"
spam,URGENT: Your SIM card KYC is incomplete. Your outgoing calls will be stopped in 24 hrs. Call customer care helpline at 1800-7971443636 or +91-914 immediately.
ham,"Hi all, please note the office will remain closed on Monday on account of public holiday."
ham,"Hey dude, what time does the match start today?"
spam,"Congratulations! Your mobile number has won Rs. 25,00,000 in KBC All India Lucky Draw. Call executive at +91-9940447648 to claim your prize cheque."
spam,Part-time job offer: Earn Rs. 2000 to Rs. 6000 daily from home by simply liking YouTube videos! Contact on WhatsApp +1 (555) 349-9457919826 now.
ham,Watch this funny clip: https://youtu.be/Priya
spam,Exclusive Offer: 90% discount on luxury watches and electronics. Limited stock available: http://discount-store234.xyz/shop
spam,Congratulations! You have won Rs. 174 in the international lottery. Claim your reward now: http://claim-prize2628250.xyz/bonus
ham,Can you share Kavita's contact number with me?
ham,Check this out: https://youtube.com/watch?v=Priya
spam,"Dear customer, your loan of Rs. 3,50,000 is approved at 2% interest rate. No CIBIL score required. Call loan officer at +91-8127684500 to disburse funds."
ham,Can you share Rahul's contact number with me?
ham,"Split the cab fare on UPI, your share is Rs. Ananya."
ham,Let's meet at the library around Ananya PM to finish the group project.
ham,Your order from Zomato is on its way. Delivery partner is moving towards your location.
spam,"Congratulations! Your mobile number has won Rs. 25,00,000 in KBC All India Lucky Draw. Call executive at +91-8006998221 to claim your prize cheque."
ham,"Hi Vikram, let's catch up for lunch today around 1:00 PM if you're free."
ham,"Dear customer, cash withdrawal of Rs. 4783 from ATM at 246286 was successful. - ICICI Bank"
ham,Your cab driver 1355 (+91 97968249) has arrived at your pickup location. PIN is 9006.
ham,Thanks for your help with the bug in the code earlier.
ham,Sent you Rs. Rahul on PhonePe for yesterday's dinner bill.
spam,Exclusive Offer: 90% discount on luxury watches and electronics. Limited stock available: http://discount-store974.xyz/shop
ham,Your package with tracking #3683 will be delivered today by courier. Contact delivery associate at +91 98101482 to coordinate.
ham,Your OTP for online transaction of Rs. 14201 at Amazon is 256344. Valid for 10 mins. Do not share OTP with anyone. - HDFC Bank
spam,Your pending invoice #886.pdf is ready for download. Click here: https://billing-doc9686123.com/invoice.exe
ham,"Hi Vikram, can we reschedule our meeting to tomorrow at 8 PM? Thanks."
ham,"I lost my phone, this is my new temporary number +91-Rahul, save it."
ham,"Hi Priya, could you review the pull request for the authentication module when you have a moment?"
spam,"Dear consumer, your electricity power will be disconnected tonight at 9:30 PM because your previous month bill was not updated. Please call our electricity officer at +91-7532831622 immediately."
ham,Your package with tracking #7948 will be delivered today by courier. Contact delivery associate at +91 98564693 to coordinate.
spam,"Dear consumer, your electricity power will be disconnected tonight at 9:30 PM because your previous month bill was not updated. Please call our electricity officer at +91-9814555880 immediately."
ham,Your monthly mobile postpaid bill of Rs. 13482 is due on 221446. Pay via Airtel Thanks App to avoid late charges.
spam,Part-time job offer: Earn Rs. 2000 to Rs. 6000 daily from home by simply liking YouTube videos! Contact on WhatsApp +1 (555) 349-7203203118 now.
spam,"Dear consumer, your electricity power will be disconnected tonight at 9:30 PM because your previous month bill was not updated. Please call our electricity officer at +91-9380761452 immediately."
ham,Can you share Soham's contact number with me?
ham,"Hey Rahul, I have reached the restaurant. Let me know when you arrive."
spam,Your parcel delivery has failed due to missing street address. Update your address within 12 hours: http://courier-address-fix9200734454.top or call driver +91-905.
ham,Your monthly mobile postpaid bill of Rs. 14917 is due on 890679. Pay via Airtel Thanks App to avoid late charges.
ham,Your flight booking reference Rahul from Mumbai to Delhi is confirmed for departure at 3.
ham,Thanks for your help with the bug in the code earlier.
ham,"Dear Customer, your A/C ending 9182 is credited with Rs. 610946 on 4602. Avail Bal: Rs. 47721. - SBI"
ham,Your order from Zomato is on its way. Delivery partner is moving towards your location.
ham,Your cab driver 4149 (+91 97691221) has arrived at your pickup location. PIN is 1884.
ham,Reminder: Your doctor appointment is scheduled for tomorrow at 3678 PM at City Clinic.
spam,"Dear SBI user, your YONO account has been blocked due to unverified PAN card. Please update immediately: http://bit.ly/sbi-yono-update7072949407 or call +91-699."
spam,Security Alert! Unauthorized login attempt detected from IP 645. Confirm your password here: http://2126965/account/update
spam,"Dear customer, your loan of Rs. 3,50,000 is approved at 2% interest rate. No CIBIL score required. Call loan officer at +91-9480932050 to disburse funds."
spam,URGENT: Your bank account has been temporarily locked due to suspicious activity. Verify immediately: https://secure-bank-verify39.com/login
ham,Happy birthday bro! Have an awesome year ahead!
ham,Here is the shared project document: https://docs.google.com/document/d/projAnanya - please review.
spam,"Dear customer, your loan of Rs. 3,50,000 is approved at 2% interest rate. No CIBIL score required. Call loan officer at +91-8286412295 to disburse funds."
ham,Your order from Zomato is on its way. Delivery partner is moving towards your location.
spam,"Dear SBI user, your YONO account has been blocked due to unverified PAN card. Please update immediately: http://bit.ly/sbi-yono-update9037989099 or call +91-872."
ham,Your order from Zomato is on its way. Delivery partner is moving towards your location.
ham,"Hey Tanvi, I have reached the restaurant. Let me know when you arrive."
ham,"Hi Vikram, could you review the pull request for the authentication module when you have a moment?"
ham,"Split the cab fare on UPI, your share is Rs. Aditya."
ham,"Hey Sneha, I have reached the restaurant. Let me know when you arrive."
ham,Thank you for your order #Amit. Your package has been dispatched and will arrive by 10.
ham,"Dear Soham, your monthly bank statement for account ending in 5 is ready for viewing in your portal."
ham,Let's meet at the library around Rahul PM to finish the group project.
ham,"Dear customer, cash withdrawal of Rs. 9689 from ATM at 702435 was successful. - ICICI Bank"
spam,"Dear Customer, you received a tax refund of Rs. 375. Submit your bank credentials to deposit: https://incometax-refund-portal9829437.org/claim"
spam,Exclusive Offer: 90% discount on luxury watches and electronics. Limited stock available: http://discount-store967.xyz/shop
ham,"Mom said dinner is ready, come home soon."
ham,Please submit your semester assignment before Friday 5:00 PM on the university portal.
spam,Congratulations! You have won Rs. 221 in the international lottery. Claim your reward now: http://claim-prize2408968.xyz/bonus
ham,Your cab driver 7828 (+91 97821821) has arrived at your pickup location. PIN is 9292.
spam,URGENT: Your SIM card KYC is incomplete. Your outgoing calls will be stopped in 24 hrs. Call customer care helpline at 1800-8118150886 or +91-107 immediately.
spam,"Congratulations! Your mobile number has won Rs. 25,00,000 in KBC All India Lucky Draw. Call executive at +91-9245929625 to claim your prize cheque."
spam,"Credit card limit increased to Rs. 5,00,000 without income proof! Claim your pre-approved card now: http://card-upgrade7698122158.xyz or WhatsApp +91-924."
ham,"Hey team, the sprint planning session is confirmed for Vikram at 10:00 AM."
spam,Exclusive Offer: 90% discount on luxury watches and electronics. Limited stock available: http://discount-store575.xyz/shop
ham,"Hey dude, what time does the match start today?"
spam,"Congratulations! Your mobile number has won Rs. 25,00,000 in KBC All India Lucky Draw. Call executive at +91-7549728575 to claim your prize cheque."
spam,Crypto Alert: Deposit 0.1 BTC and receive 1.0 BTC within 24 hours guaranteed! Join: http://crypto-doubler48.top/invest
spam,URGENT: Your bank account has been temporarily locked due to suspicious activity. Verify immediately: https://secure-bank-verify702.com/login
spam,Your parcel delivery has failed due to missing street address. Update your address within 12 hours: http://courier-address-fix7640551584.top or call driver +91-126.
spam,"Dear consumer, your electricity power will be disconnected tonight at 9:30 PM because your previous month bill was not updated. Please call our electricity officer at +91-8066780421 immediately."
ham,Your cab driver 432 (+91 97308391) has arrived at your pickup location. PIN is 6878.
spam,URGENT: Your bank account has been temporarily locked due to suspicious activity. Verify immediately: https://secure-bank-verify293.com/login
ham,Your flight booking reference Soham from Mumbai to Delhi is confirmed for departure at 6.
ham,"I lost my phone, this is my new temporary number +91-Aditya, save it."
ham,Here is the shared project document: https://docs.google.com/document/d/projSameer - please review.
ham,Reminder: The weekly engineering standup will start in 15 minutes on Google Meet.
ham,Happy birthday bro! Have an awesome year ahead!
spam,"Dear SBI user, your YONO account has been blocked due to unverified PAN card. Please update immediately: http://bit.ly/sbi-yono-update9606826766 or call +91-308."
spam,"Dear Customer, you received a tax refund of Rs. 237. Submit your bank credentials to deposit: https://incometax-refund-portal5840263.org/claim"
ham,"Hi Priya, could you review the pull request for the authentication module when you have a moment?"
ham,"Dear Priya, your monthly bank statement for account ending in 7 is ready for viewing in your portal."
ham,Reminder: Your doctor appointment is scheduled for tomorrow at 7717 PM at City Clinic.
spam,URGENT: Your SIM card KYC is incomplete. Your outgoing calls will be stopped in 24 hrs. Call customer care helpline at 1800-7479037732 or +91-563 immediately.
spam,Exclusive Offer: 90% discount on luxury watches and electronics. Limited stock available: http://discount-store919.xyz/shop
ham,Your cab driver 12732 (+91 97118362) has arrived at your pickup location. PIN is 7761.
spam,Congratulations! You have won Rs. 451 in the international lottery. Claim your reward now: http://claim-prize7174184.xyz/bonus
spam,"Dear consumer, your electricity power will be disconnected tonight at 9:30 PM because your previous month bill was not updated. Please call our electricity officer at +91-7242068680 immediately."
ham,"Dear Customer, your A/C ending 6829 is credited with Rs. 663787 on 9953. Avail Bal: Rs. 16964. - SBI"
ham,"Please call me at +91-Soham immediately, need some help."
spam,"Dear consumer, your electricity power will be disconnected tonight at 9:30 PM because your previous month bill was not updated. Please call our electricity officer at +91-9415398588 immediately."
ham,"Dear Customer, your A/C ending 954 is credited with Rs. 236454 on 7084. Avail Bal: Rs. 34504. - SBI"
spam,URGENT: Your bank account has been temporarily locked due to suspicious activity. Verify immediately: https://secure-bank-verify167.com/login
ham,"Bro, did you complete the homework for tomorrow's class?"
ham,"Hey bro, call me urgently at +91-Rohan when you are free, need your help."
spam,URGENT: Your SIM card KYC is incomplete. Your outgoing calls will be stopped in 24 hrs. Call customer care helpline at 1800-9484871463 or +91-848 immediately.
spam,"Dear SBI user, your YONO account has been blocked due to unverified PAN card. Please update immediately: http://bit.ly/sbi-yono-update7108159484 or call +91-794."
spam,"Dear SBI user, your YONO account has been blocked due to unverified PAN card. Please update immediately: http://bit.ly/sbi-yono-update9451580039 or call +91-322."
ham,Please find attached the project status report for QSneha review. Let me know your thoughts.
ham,"Hi Soham, let's catch up for lunch today around 1:00 PM if you're free."
spam,"Dear SBI user, your YONO account has been blocked due to unverified PAN card. Please update immediately: http://bit.ly/sbi-yono-update9062274968 or call +91-829."
ham,"Hi Kavita, let's catch up for lunch today around 1:00 PM if you're free."
ham,Please submit your semester assignment before Friday 5:00 PM on the university portal.
spam,Your parcel delivery has failed due to missing street address. Update your address within 12 hours: http://courier-address-fix7014496616.top or call driver +91-999.
ham,"Call me urgently, it is important."
spam,Earn $5000 weekly working from home with no experience needed! Sign up today: http://quick-cash-scheme378.biz/register
spam,Your parcel delivery has failed due to missing street address. Update your address within 12 hours: http://courier-address-fix7037977984.top or call driver +91-111.
ham,Here are the notes and action items from yesterday's discussion with the client.
spam,You have 1 new unread secure message from Payroll Department. Access document: https://payroll-update411.com/login.php
spam,Security Alert! Unauthorized login attempt detected from IP 710. Confirm your password here: http://7425254/account/update
spam,URGENT: Your bank account has been temporarily locked due to suspicious activity. Verify immediately: https://secure-bank-verify736.com/login
ham,"Hey dad, reached the station safely, booking cab now."
spam,Your parcel delivery has failed due to missing street address. Update your address within 12 hours: http://courier-address-fix9779647498.top or call driver +91-711.
spam,"Dear Customer, you received a tax refund of Rs. 643. Submit your bank credentials to deposit: https://incometax-refund-portal6729452.org/claim"
spam,"Congratulations! Your mobile number has won Rs. 25,00,000 in KBC All India Lucky Draw. Call executive at +91-7209496006 to claim your prize cheque."
ham,Reminder: Your doctor appointment is scheduled for tomorrow at 226 PM at City Clinic.
ham,"Please pick up the phone, need to ask you something urgent."
ham,"Bhai, call me at +91-Amit as soon as possible."
ham,Your order from Zomato is on its way. Delivery partner is moving towards your location.
ham,Reminder: The weekly engineering standup will start in 15 minutes on Google Meet.
ham,"Hey Sameer, I have reached the restaurant. Let me know when you arrive."
ham,Here is the shared project document: https://docs.google.com/document/d/projRohan - please review.
spam,URGENT: Your SIM card KYC is incomplete. Your outgoing calls will be stopped in 24 hrs. Call customer care helpline at 1800-8932370264 or +91-318 immediately.
spam,Earn $5000 weekly working from home with no experience needed! Sign up today: http://quick-cash-scheme169.biz/register
ham,Your cab driver 4537 (+91 97576326) has arrived at your pickup location. PIN is 7617.
spam,Earn $5000 weekly working from home with no experience needed! Sign up today: http://quick-cash-scheme965.biz/register
ham,"Hi all, please note the office will remain closed on Monday on account of public holiday."
ham,Receipt for your recent payment of Rs. Soham to Electric Utility Services.
spam,Earn $5000 weekly working from home with no experience needed! Sign up today: http://quick-cash-scheme98.biz/register
spam,Earn $5000 weekly working from home with no experience needed! Sign up today: http://quick-cash-scheme149.biz/register
spam,Exclusive Offer: 90% discount on luxury watches and electronics. Limited stock available: http://discount-store672.xyz/shop
ham,Receipt for your recent payment of Rs. Tanvi to Electric Utility Services.
ham,"Good morning, here is the updated presentation deck for our team demonstration."
spam,URGENT: Your SIM card KYC is incomplete. Your outgoing calls will be stopped in 24 hrs. Call customer care helpline at 1800-7768911413 or +91-167 immediately.
spam,"Dear customer, your loan of Rs. 3,50,000 is approved at 2% interest rate. No CIBIL score required. Call loan officer at +91-9187057466 to disburse funds."
spam,Your pending invoice #364.pdf is ready for download. Click here: https://billing-doc9320859.com/invoice.exe
ham,"Hey dad, reached the station safely, booking cab now."
spam,You have 1 new unread secure message from Payroll Department. Access document: https://payroll-update739.com/login.php
spam,"Dear customer, your loan of Rs. 3,50,000 is approved at 2% interest rate. No CIBIL score required. Call loan officer at +91-7254637741 to disburse funds."
ham,Here is the shared project document: https://docs.google.com/document/d/projVikram - please review.
ham,"Bhai, call me at +91-Vikram as soon as possible."
ham,"Dear customer, cash withdrawal of Rs. 2188 from ATM at 972436 was successful. - ICICI Bank"
ham,Reminder: Your doctor appointment is scheduled for tomorrow at 11495 PM at City Clinic.
ham,Thanks for your help with the bug in the code earlier.
spam,Part-time job offer: Earn Rs. 2000 to Rs. 6000 daily from home by simply liking YouTube videos! Contact on WhatsApp +1 (555) 349-8423392463 now.
spam,"Credit card limit increased to Rs. 5,00,000 without income proof! Claim your pre-approved card now: http://card-upgrade8477476589.xyz or WhatsApp +91-726."
ham,Your OTP for online transaction of Rs. 2997 at Amazon is 948636. Valid for 10 mins. Do not share OTP with anyone. - HDFC Bank
ham,Your cab driver 13991 (+91 97506346) has arrived at your pickup location. PIN is 8329.
ham,Are you awake? Give me a quick ring when you see this.
spam,Your pending invoice #553.pdf is ready for download. Click here: https://billing-doc4528285.com/invoice.exe
spam,URGENT: Your bank account has been temporarily locked due to suspicious activity. Verify immediately: https://secure-bank-verify221.com/login
spam,Part-time job offer: Earn Rs. 2000 to Rs. 6000 daily from home by simply liking YouTube videos! Contact on WhatsApp +1 (555) 349-9152233275 now.
spam,URGENT: Your bank account has been temporarily locked due to suspicious activity. Verify immediately: https://secure-bank-verify887.com/login
ham,"Hey bro, call me urgently at +91-Tanvi when you are free, need your help."
ham,Reminder: The weekly engineering standup will start in 15 minutes on Google Meet.
spam,Congratulations! You have won Rs. 620 in the international lottery. Claim your reward now: http://claim-prize6746336.xyz/bonus
ham,"Hi Aditya, could you review the pull request for the authentication module when you have a moment?"
spam,Security Alert! Unauthorized login attempt detected from IP 539. Confirm your password here: http://6908448/account/update
spam,You have 1 new unread secure message from Payroll Department. Access document: https://payroll-update390.com/login.php
ham,Your monthly mobile postpaid bill of Rs. 8249 is due on 729790. Pay via Airtel Thanks App to avoid late charges.
spam,"Dear Customer, you received a tax refund of Rs. 401. Submit your bank credentials to deposit: https://incometax-refund-portal4388202.org/claim"
ham,"Hi all, please note the office will remain closed on Monday on account of public holiday."
ham,"Mom said dinner is ready, come home soon."
ham,Your cab driver 8697 (+91 97366530) has arrived at your pickup location. PIN is 7900.
spam,Part-time job offer: Earn Rs. 2000 to Rs. 6000 daily from home by simply liking YouTube videos! Contact on WhatsApp +1 (555) 349-9547304774 now.
ham,Reminder: The weekly engineering standup will start in 15 minutes on Google Meet.
spam,Crypto Alert: Deposit 0.1 BTC and receive 1.0 BTC within 24 hours guaranteed! Join: http://crypto-doubler472.top/invest
ham,"Hi Rahul, could you review the pull request for the authentication module when you have a moment?"
ham,Your cab driver 14477 (+91 97473483) has arrived at your pickup location. PIN is 5236.
ham,"Hey team, the sprint planning session is confirmed for Vikram at 10:00 AM."
spam,Crypto Alert: Deposit 0.1 BTC and receive 1.0 BTC within 24 hours guaranteed! Join: http://crypto-doubler952.top/invest
ham,"Hi Priya, could you review the pull request for the authentication module when you have a moment?"
ham,"Dear Customer, your A/C ending 415 is credited with Rs. 211830 on 5730. Avail Bal: Rs. 25829. - SBI"
spam,Your pending invoice #91.pdf is ready for download. Click here: https://billing-doc7857734.com/invoice.exe
spam,Congratulations! You have won Rs. 529 in the international lottery. Claim your reward now: http://claim-prize2692262.xyz/bonus
spam,Earn $5000 weekly working from home with no experience needed! Sign up today: http://quick-cash-scheme104.biz/register
spam,Congratulations! You have won Rs. 190 in the international lottery. Claim your reward now: http://claim-prize3223818.xyz/bonus
ham,Here are the notes and action items from yesterday's discussion with the client.
ham,"Hi Ananya, let's catch up for lunch today around 1:00 PM if you're free."
ham,"Hey bro, call me urgently at +91-Soham when you are free, need your help."
spam,"Dear customer, your loan of Rs. 3,50,000 is approved at 2% interest rate. No CIBIL score required. Call loan officer at +91-8891111934 to disburse funds."
ham,Thank you for your order #Sameer. Your package has been dispatched and will arrive by 3.
spam,Crypto Alert: Deposit 0.1 BTC and receive 1.0 BTC within 24 hours guaranteed! Join: http://crypto-doubler166.top/invest
spam,URGENT: Your SIM card KYC is incomplete. Your outgoing calls will be stopped in 24 hrs. Call customer care helpline at 1800-9601154924 or +91-763 immediately.
spam,Your pending invoice #300.pdf is ready for download. Click here: https://billing-doc988340.com/invoice.exe
ham,"Hi Rohan, can we reschedule our meeting to tomorrow at 12 PM? Thanks."
ham,Your package with tracking #11115 will be delivered today by courier. Contact delivery associate at +91 98257345 to coordinate.
ham,"Bhai, call me at +91-Rohan as soon as possible."
ham,Reminder: Your doctor appointment is scheduled for tomorrow at 10108 PM at City Clinic.
ham,Your order from Zomato is on its way. Delivery partner is moving towards your location.
spam,Security Alert! Unauthorized login attempt detected from IP 865. Confirm your password here: http://2198285/account/update
spam,"Congratulations! Your mobile number has won Rs. 25,00,000 in KBC All India Lucky Draw. Call executive at +91-9137820473 to claim your prize cheque."
spam,Your parcel delivery has failed due to missing street address. Update your address within 12 hours: http://courier-address-fix8720218345.top or call driver +91-496.
spam,Earn $5000 weekly working from home with no experience needed! Sign up today: http://quick-cash-scheme140.biz/register
spam,Part-time job offer: Earn Rs. 2000 to Rs. 6000 daily from home by simply liking YouTube videos! Contact on WhatsApp +1 (555) 349-7071265111 now.
spam,"Dear SBI user, your YONO account has been blocked due to unverified PAN card. Please update immediately: http://bit.ly/sbi-yono-update8242727465 or call +91-659."
spam,URGENT: Your SIM card KYC is incomplete. Your outgoing calls will be stopped in 24 hrs. Call customer care helpline at 1800-9176095804 or +91-635 immediately.
ham,Can you share Rahul's contact number with me?
ham,Can you transfer money for movie tickets? My UPI is not working.
spam,FINAL WARNING: Your email account will be permanently deactivated within 24 hours. Click to reactivate: https://mail-security-desk891.net/verify
spam,Part-time job offer: Earn Rs. 2000 to Rs. 6000 daily from home by simply liking YouTube videos! Contact on WhatsApp +1 (555) 349-7741944180 now.
spam,Part-time job offer: Earn Rs. 2000 to Rs. 6000 daily from home by simply liking YouTube videos! Contact on WhatsApp +1 (555) 349-7080138975 now.
ham,Reminder: Your doctor appointment is scheduled for tomorrow at 12467 PM at City Clinic.
ham,"Please pick up the phone, need to ask you something urgent."
ham,Your appointment with Dr. Sharma has been booked for tomorrow at 4:30 PM.
ham,Hey are you coming to class today? Professor is taking attendance.
ham,"Dear Customer, your A/C ending 12814 is credited with Rs. 534688 on 1356. Avail Bal: Rs. 37842. - SBI"
ham,"Hey team, the sprint planning session is confirmed for Vikram at 10:00 AM."
ham,"Hey Kavita, I have reached the restaurant. Let me know when you arrive."
ham,Your cab driver 6151 (+91 97784856) has arrived at your pickup location. PIN is 8838.
spam,"Dear Customer, you received a tax refund of Rs. 48. Submit your bank credentials to deposit: https://incometax-refund-portal8206883.org/claim"
spam,Crypto Alert: Deposit 0.1 BTC and receive 1.0 BTC within 24 hours guaranteed! Join: http://crypto-doubler971.top/invest
ham,Can you share Sameer's contact number with me?
ham,Your order from Zomato is on its way. Delivery partner is moving towards your location.
ham,Your OTP for online transaction of Rs. 11353 at Amazon is 151601. Valid for 10 mins. Do not share OTP with anyone. - HDFC Bank
spam,"Dear consumer, your electricity power will be disconnected tonight at 9:30 PM because your previous month bill was not updated. Please call our electricity officer at +91-7099170355 immediately."
ham,"Hi Aditya, can we reschedule our meeting to tomorrow at 2 PM? Thanks."
ham,"Dear Vikram, your monthly bank statement for account ending in 2 is ready for viewing in your portal."
spam,Earn $5000 weekly working from home with no experience needed! Sign up today: http://quick-cash-scheme431.biz/register
spam,Crypto Alert: Deposit 0.1 BTC and receive 1.0 BTC within 24 hours guaranteed! Join: http://crypto-doubler593.top/invest
ham,Reminder: The weekly engineering standup will start in 15 minutes on Google Meet.
ham,"Hi all, please note the office will remain closed on Monday on account of public holiday."
spam,Security Alert! Unauthorized login attempt detected from IP 517. Confirm your password here: http://2880493/account/update
spam,You have 1 new unread secure message from Payroll Department. Access document: https://payroll-update94.com/login.php
ham,Check this GitHub repository for the code implementation: https://github.com/team-dev/repoRahul
ham,"Dear Customer, your A/C ending 14011 is credited with Rs. 732100 on 8021. Avail Bal: Rs. 41385. - SBI"
spam,Exclusive Offer: 90% discount on luxury watches and electronics. Limited stock available: http://discount-store946.xyz/shop
spam,Your parcel delivery has failed due to missing street address. Update your address within 12 hours: http://courier-address-fix8826638140.top or call driver +91-400.
ham,"Dear Customer, your A/C ending 9330 is credited with Rs. 732041 on 8558. Avail Bal: Rs. 19800. - SBI"
spam,Part-time job offer: Earn Rs. 2000 to Rs. 6000 daily from home by simply liking YouTube videos! Contact on WhatsApp +1 (555) 349-9277874565 now.
ham,"Good morning, here is the updated presentation deck for our team demonstration."
spam,Your pending invoice #695.pdf is ready for download. Click here: https://billing-doc1370819.com/invoice.exe
spam,"Dear SBI user, your YONO account has been blocked due to unverified PAN card. Please update immediately: http://bit.ly/sbi-yono-update9197152619 or call +91-266."
spam,"Congratulations! Your mobile number has won Rs. 25,00,000 in KBC All India Lucky Draw. Call executive at +91-8769385357 to claim your prize cheque."
ham,Your order from Zomato is on its way. Delivery partner is moving towards your location.
ham,Your order from Zomato is on its way. Delivery partner is moving towards your location.
ham,"Hi Soham, let's catch up for lunch today around 1:00 PM if you're free."
spam,"Credit card limit increased to Rs. 5,00,000 without income proof! Claim your pre-approved card now: http://card-upgrade9924323741.xyz or WhatsApp +91-907."
ham,"Hey Sneha, can you send me Rs. 9963492094 on GPay? Will return it tomorrow."
spam,"Dear customer, your loan of Rs. 3,50,000 is approved at 2% interest rate. No CIBIL score required. Call loan officer at +91-8500235088 to disburse funds."
ham,Read this article when free: https://wikipedia.org/wiki/TopicAnanya
ham,"Dear Vikram, your monthly bank statement for account ending in 10 is ready for viewing in your portal."
ham,"Hi Rahul, could you review the pull request for the authentication module when you have a moment?"
spam,Your pending invoice #652.pdf is ready for download. Click here: https://billing-doc7079510.com/invoice.exe
spam,Earn $5000 weekly working from home with no experience needed! Sign up today: http://quick-cash-scheme501.biz/register
spam,"Dear consumer, your electricity power will be disconnected tonight at 9:30 PM because your previous month bill was not updated. Please call our electricity officer at +91-9671124938 immediately."
ham,Your flight booking reference Soham from Mumbai to Delhi is confirmed for departure at 6.
spam,"Dear customer, your loan of Rs. 3,50,000 is approved at 2% interest rate. No CIBIL score required. Call loan officer at +91-7531002330 to disburse funds."
spam,Your pending invoice #140.pdf is ready for download. Click here: https://billing-doc4161250.com/invoice.exe
ham,Happy birthday bro! Have an awesome year ahead!
ham,Bhai where are you? Waiting outside the metro station.
ham,Read this article when free: https://wikipedia.org/wiki/TopicSneha
ham,Can you pay Rs. Vikram for the pizza? I will give you cash tonight.
spam,URGENT: Your bank account has been temporarily locked due to suspicious activity. Verify immediately: https://secure-bank-verify248.com/login
ham,"Hey team, the sprint planning session is confirmed for Ananya at 10:00 AM."
ham,"Hi Ananya, let's catch up for lunch today around 1:00 PM if you're free."
ham,Your cab driver 1496 (+91 97378173) has arrived at your pickup location. PIN is 1210.
ham,Check this out: https://youtube.com/watch?v=Tanvi
spam,You have 1 new unread secure message from Payroll Department. Access document: https://payroll-update928.com/login.php
spam,"Credit card limit increased to Rs. 5,00,000 without income proof! Claim your pre-approved card now: http://card-upgrade9532631903.xyz or WhatsApp +91-858."
ham,"Dear customer, cash withdrawal of Rs. 11682 from ATM at 638083 was successful. - ICICI Bank"
spam,You have 1 new unread secure message from Payroll Department. Access document: https://payroll-update738.com/login.php
spam,You have 1 new unread secure message from Payroll Department. Access document: https://payroll-update721.com/login.php
spam,URGENT: Your bank account has been temporarily locked due to suspicious activity. Verify immediately: https://secure-bank-verify83.com/login
spam,Your parcel delivery has failed due to missing street address. Update your address within 12 hours: http://courier-address-fix9909333133.top or call driver +91-992.
ham,"Dear Rohan, your monthly bank statement for account ending in 2 is ready for viewing in your portal."
spam,"Credit card limit increased to Rs. 5,00,000 without income proof! Claim your pre-approved card now: http://card-upgrade9754776077.xyz or WhatsApp +91-906."
ham,Your order from Zomato is on its way. Delivery partner is moving towards your location.
spam,URGENT: Your bank account has been temporarily locked due to suspicious activity. Verify immediately: https://secure-bank-verify809.com/login
spam,"Dear consumer, your electricity power will be disconnected tonight at 9:30 PM because your previous month bill was not updated. Please call our electricity officer at +91-9847905698 immediately."
ham,"Bhai, call me at +91-Rohan as soon as possible."
ham,Your order from Zomato is on its way. Delivery partner is moving towards your location.
spam,You have 1 new unread secure message from Payroll Department. Access document: https://payroll-update290.com/login.php
spam,"Dear SBI user, your YONO account has been blocked due to unverified PAN card. Please update immediately: http://bit.ly/sbi-yono-update7850535542 or call +91-542."
ham,"Sorry for the late reply bro, was stuck in heavy traffic."
ham,Please find attached the project status report for QSneha review. Let me know your thoughts.
ham,"Hi Sneha, can we reschedule our meeting to tomorrow at 11 PM? Thanks."
ham,Your OTP for online transaction of Rs. 9857 at Amazon is 350154. Valid for 10 mins. Do not share OTP with anyone. - HDFC Bank
ham,Here is the shared project document: https://docs.google.com/document/d/projKavita - please review.
spam,"Dear Customer, you received a tax refund of Rs. 501. Submit your bank credentials to deposit: https://incometax-refund-portal6787630.org/claim"
spam,"Congratulations! Your mobile number has won Rs. 25,00,000 in KBC All India Lucky Draw. Call executive at +91-8100993471 to claim your prize cheque."
ham,Your flight booking reference Vikram from Mumbai to Delhi is confirmed for departure at 3.
ham,Thank you for your order #Soham. Your package has been dispatched and will arrive by 2.
spam,"Dear SBI user, your YONO account has been blocked due to unverified PAN card. Please update immediately: http://bit.ly/sbi-yono-update7988377093 or call +91-990."
spam,Congratulations! You have won Rs. 875 in the international lottery. Claim your reward now: http://claim-prize8604030.xyz/bonus
ham,"Dear customer, cash withdrawal of Rs. 6597 from ATM at 739067 was successful. - ICICI Bank"
spam,Your pending invoice #58.pdf is ready for download. Click here: https://billing-doc3423919.com/invoice.exe
spam,FINAL WARNING: Your email account will be permanently deactivated within 24 hours. Click to reactivate: https://mail-security-desk579.net/verify
ham,"Hey team, the sprint planning session is confirmed for Rahul at 10:00 AM."
ham,Bhai where are you? Waiting outside the metro station.
ham,"Hey team, the sprint planning session is confirmed for Soham at 10:00 AM."
ham,Your monthly mobile postpaid bill of Rs. 5599 is due on 283362. Pay via Airtel Thanks App to avoid late charges.
ham,Reminder: Your doctor appointment is scheduled for tomorrow at 7366 PM at City Clinic.
ham,Here are the notes and action items from yesterday's discussion with the client.
spam,Congratulations! You have won Rs. 873 in the international lottery. Claim your reward now: http://claim-prize1237912.xyz/bonus
spam,FINAL WARNING: Your email account will be permanently deactivated within 24 hours. Click to reactivate: https://mail-security-desk736.net/verify
ham,"Call me urgently, it is important."
ham,"I lost my phone, this is my new temporary number +91-Vikram, save it."
spam,Part-time job offer: Earn Rs. 2000 to Rs. 6000 daily from home by simply liking YouTube videos! Contact on WhatsApp +1 (555) 349-9543808712 now.
spam,"Dear SBI user, your YONO account has been blocked due to unverified PAN card. Please update immediately: http://bit.ly/sbi-yono-update9856404169 or call +91-454."
ham,"Hey Ananya, I have reached the restaurant. Let me know when you arrive."
ham,"Mom said dinner is ready, come home soon."
spam,Your parcel delivery has failed due to missing street address. Update your address within 12 hours: http://courier-address-fix8664862741.top or call driver +91-745.
ham,Your package with tracking #13393 will be delivered today by courier. Contact delivery associate at +91 98956239 to coordinate.
spam,Your parcel delivery has failed due to missing street address. Update your address within 12 hours: http://courier-address-fix9215564679.top or call driver +91-884.
spam,"Dear customer, your loan of Rs. 3,50,000 is approved at 2% interest rate. No CIBIL score required. Call loan officer at +91-8206919081 to disburse funds."
spam,"Dear customer, your loan of Rs. 3,50,000 is approved at 2% interest rate. No CIBIL score required. Call loan officer at +91-7721210109 to disburse funds."
spam,Earn $5000 weekly working from home with no experience needed! Sign up today: http://quick-cash-scheme534.biz/register
ham,Your OTP for online transaction of Rs. 1756 at Amazon is 392482. Valid for 10 mins. Do not share OTP with anyone. - HDFC Bank
ham,"Sorry for the late reply bro, was stuck in heavy traffic."
spam,You have 1 new unread secure message from Payroll Department. Access document: https://payroll-update919.com/login.php
spam,Congratulations! You have won Rs. 956 in the international lottery. Claim your reward now: http://claim-prize1285210.xyz/bonus
ham,Your package with tracking #12733 will be delivered today by courier. Contact delivery associate at +91 98167204 to coordinate.
ham,Your OTP for online transaction of Rs. 13738 at Amazon is 966919. Valid for 10 mins. Do not share OTP with anyone. - HDFC Bank
spam,URGENT: Your bank account has been temporarily locked due to suspicious activity. Verify immediately: https://secure-bank-verify647.com/login
spam,You have 1 new unread secure message from Payroll Department. Access document: https://payroll-update443.com/login.php
spam,Part-time job offer: Earn Rs. 2000 to Rs. 6000 daily from home by simply liking YouTube videos! Contact on WhatsApp +1 (555) 349-8893223364 now.
ham,"Hi Aditya, can we reschedule our meeting to tomorrow at 3 PM? Thanks."
ham,"Hi Amit, let's catch up for lunch today around 1:00 PM if you're free."
spam,Your parcel delivery has failed due to missing street address. Update your address within 12 hours: http://courier-address-fix8999226949.top or call driver +91-481.
spam,You have 1 new unread secure message from Payroll Department. Access document: https://payroll-update515.com/login.php
spam,URGENT: Your SIM card KYC is incomplete. Your outgoing calls will be stopped in 24 hrs. Call customer care helpline at 1800-8650997551 or +91-379 immediately.
ham,Check this GitHub repository for the code implementation: https://github.com/team-dev/repoAditya
spam,"Credit card limit increased to Rs. 5,00,000 without income proof! Claim your pre-approved card now: http://card-upgrade9429725711.xyz or WhatsApp +91-278."
spam,"Dear Customer, you received a tax refund of Rs. 751. Submit your bank credentials to deposit: https://incometax-refund-portal118349.org/claim"
spam,Your parcel delivery has failed due to missing street address. Update your address within 12 hours: http://courier-address-fix7017197576.top or call driver +91-686.
ham,"Hey team, the sprint planning session is confirmed for Rahul at 10:00 AM."
spam,URGENT: Your SIM card KYC is incomplete. Your outgoing calls will be stopped in 24 hrs. Call customer care helpline at 1800-9270792857 or +91-331 immediately.
spam,Your parcel delivery has failed due to missing street address. Update your address within 12 hours: http://courier-address-fix9364633968.top or call driver +91-377.
ham,Your monthly mobile postpaid bill of Rs. 8219 is due on 773270. Pay via Airtel Thanks App to avoid late charges.
ham,"Hi all, please note the office will remain closed on Monday on account of public holiday."
ham,"Dear customer, cash withdrawal of Rs. 12531 from ATM at 242373 was successful. - ICICI Bank"
ham,"Hey dad, reached the station safely, booking cab now."
spam,"Dear consumer, your electricity power will be disconnected tonight at 9:30 PM because your previous month bill was not updated. Please call our electricity officer at +91-8466761178 immediately."
ham,Can you pay Rs. Sneha for the pizza? I will give you cash tonight.
ham,Here is the shared project document: https://docs.google.com/document/d/projKavita - please review.
ham,Thank you for your order #Priya. Your package has been dispatched and will arrive by 4.
spam,Congratulations! You have won Rs. 564 in the international lottery. Claim your reward now: http://claim-prize461005.xyz/bonus
ham,"Please pick up the phone, need to ask you something urgent."
spam,Exclusive Offer: 90% discount on luxury watches and electronics. Limited stock available: http://discount-store561.xyz/shop
ham,Your appointment with Dr. Sharma has been booked for tomorrow at 4:30 PM.
spam,You have 1 new unread secure message from Payroll Department. Access document: https://payroll-update251.com/login.php
spam,"Dear consumer, your electricity power will be disconnected tonight at 9:30 PM because your previous month bill was not updated. Please call our electricity officer at +91-9576058006 immediately."
spam,Crypto Alert: Deposit 0.1 BTC and receive 1.0 BTC within 24 hours guaranteed! Join: http://crypto-doubler324.top/invest
ham,Your OTP for online transaction of Rs. 2706 at Amazon is 956521. Valid for 10 mins. Do not share OTP with anyone. - HDFC Bank
spam,Your parcel delivery has failed due to missing street address. Update your address within 12 hours: http://courier-address-fix7080469680.top or call driver +91-685.
ham,Can you send the lecture notes from yesterday?
spam,"Dear SBI user, your YONO account has been blocked due to unverified PAN card. Please update immediately: http://bit.ly/sbi-yono-update8942743409 or call +91-732."
spam,"Congratulations! Your mobile number has won Rs. 25,00,000 in KBC All India Lucky Draw. Call executive at +91-9608181291 to claim your prize cheque."
spam,Exclusive Offer: 90% discount on luxury watches and electronics. Limited stock available: http://discount-store70.xyz/shop
spam,"Dear consumer, your electricity power will be disconnected tonight at 9:30 PM because your previous month bill was not updated. Please call our electricity officer at +91-8318008688 immediately."
spam,"Dear Customer, you received a tax refund of Rs. 15. Submit your bank credentials to deposit: https://incometax-refund-portal5767792.org/claim"
ham,Thanks for your help with the bug in the code earlier.
spam,Exclusive Offer: 90% discount on luxury watches and electronics. Limited stock available: http://discount-store199.xyz/shop
ham,Here is the shared project document: https://docs.google.com/document/d/projPriya - please review.
spam,You have 1 new unread secure message from Payroll Department. Access document: https://payroll-update330.com/login.php
ham,"Dear Customer, your A/C ending 1989 is credited with Rs. 895586 on 3658. Avail Bal: Rs. 39436. - SBI"
spam,"Dear consumer, your electricity power will be disconnected tonight at 9:30 PM because your previous month bill was not updated. Please call our electricity officer at +91-7715236148 immediately."
spam,FINAL WARNING: Your email account will be permanently deactivated within 24 hours. Click to reactivate: https://mail-security-desk303.net/verify
ham,Your package with tracking #11876 will be delivered today by courier. Contact delivery associate at +91 98771569 to coordinate.
spam,"Credit card limit increased to Rs. 5,00,000 without income proof! Claim your pre-approved card now: http://card-upgrade9895809478.xyz or WhatsApp +91-694."
spam,"Dear SBI user, your YONO account has been blocked due to unverified PAN card. Please update immediately: http://bit.ly/sbi-yono-update8230317823 or call +91-734."
ham,"Hi Tanvi, can we reschedule our meeting to tomorrow at 9 PM? Thanks."
spam,Your pending invoice #544.pdf is ready for download. Click here: https://billing-doc3564817.com/invoice.exe
ham,"Dear customer, cash withdrawal of Rs. 2708 from ATM at 798753 was successful. - ICICI Bank"
ham,"Congratulations on getting the job offer, so proud of you!"
ham,Are you awake? Give me a quick ring when you see this.
spam,"Credit card limit increased to Rs. 5,00,000 without income proof! Claim your pre-approved card now: http://card-upgrade9735070932.xyz or WhatsApp +91-411."
spam,Part-time job offer: Earn Rs. 2000 to Rs. 6000 daily from home by simply liking YouTube videos! Contact on WhatsApp +1 (555) 349-9041131156 now.
spam,URGENT: Your bank account has been temporarily locked due to suspicious activity. Verify immediately: https://secure-bank-verify171.com/login
spam,"Dear consumer, your electricity power will be disconnected tonight at 9:30 PM because your previous month bill was not updated. Please call our electricity officer at +91-9741383943 immediately."
ham,Your order from Zomato is on its way. Delivery partner is moving towards your location.
spam,Part-time job offer: Earn Rs. 2000 to Rs. 6000 daily from home by simply liking YouTube videos! Contact on WhatsApp +1 (555) 349-9940216924 now.
spam,You have 1 new unread secure message from Payroll Department. Access document: https://payroll-update265.com/login.php
spam,"Dear consumer, your electricity power will be disconnected tonight at 9:30 PM because your previous month bill was not updated. Please call our electricity officer at +91-9873305610 immediately."
ham,Check this GitHub repository for the code implementation: https://github.com/team-dev/repoKavita
spam,"Dear customer, your loan of Rs. 3,50,000 is approved at 2% interest rate. No CIBIL score required. Call loan officer at +91-9055355529 to disburse funds."
spam,"Congratulations! Your mobile number has won Rs. 25,00,000 in KBC All India Lucky Draw. Call executive at +91-7005172517 to claim your prize cheque."
ham,"Hi all, please note the office will remain closed on Monday on account of public holiday."
spam,"Dear Customer, you received a tax refund of Rs. 295. Submit your bank credentials to deposit: https://incometax-refund-portal3149973.org/claim"
ham,Your monthly mobile postpaid bill of Rs. 14691 is due on 555114. Pay via Airtel Thanks App to avoid late charges.
spam,FINAL WARNING: Your email account will be permanently deactivated within 24 hours. Click to reactivate: https://mail-security-desk979.net/verify
spam,URGENT: Your bank account has been temporarily locked due to suspicious activity. Verify immediately: https://secure-bank-verify399.com/login
spam,Congratulations! You have won Rs. 72 in the international lottery. Claim your reward now: http://claim-prize6725570.xyz/bonus
ham,Can you share the assignment PDF with me?
ham,"Call me urgently, it is important."
ham,Receipt for your recent payment of Rs. Amit to Electric Utility Services.
spam,Congratulations! You have won Rs. 352 in the international lottery. Claim your reward now: http://claim-prize4177054.xyz/bonus
ham,Can you pay Rs. Sameer for the pizza? I will give you cash tonight.
spam,Your parcel delivery has failed due to missing street address. Update your address within 12 hours: http://courier-address-fix8898146382.top or call driver +91-730.
spam,"Credit card limit increased to Rs. 5,00,000 without income proof! Claim your pre-approved card now: http://card-upgrade9932317633.xyz or WhatsApp +91-127."
ham,Your order from Zomato is on its way. Delivery partner is moving towards your location.
spam,Your pending invoice #898.pdf is ready for download. Click here: https://billing-doc4762480.com/invoice.exe
ham,Your monthly mobile postpaid bill of Rs. 10783 is due on 955034. Pay via Airtel Thanks App to avoid late charges.
ham,Your flight booking reference Vikram from Mumbai to Delhi is confirmed for departure at 6.
ham,Receipt for your recent payment of Rs. Vikram to Electric Utility Services.
spam,Your parcel delivery has failed due to missing street address. Update your address within 12 hours: http://courier-address-fix7778450039.top or call driver +91-591.
ham,"Hi Rahul, could you review the pull request for the authentication module when you have a moment?"
spam,"Dear Customer, you received a tax refund of Rs. 21. Submit your bank credentials to deposit: https://incometax-refund-portal5187066.org/claim"
spam,Crypto Alert: Deposit 0.1 BTC and receive 1.0 BTC within 24 hours guaranteed! Join: http://crypto-doubler57.top/invest
ham,"Hi Priya, can we reschedule our meeting to tomorrow at 5 PM? Thanks."
ham,"Dear customer, cash withdrawal of Rs. 14101 from ATM at 280114 was successful. - ICICI Bank"
ham,Sent you Rs. Ananya on PhonePe for yesterday's dinner bill.
ham,Check this out: https://youtube.com/watch?v=Rahul
spam,Your pending invoice #722.pdf is ready for download. Click here: https://billing-doc9247207.com/invoice.exe
ham,"Hey dude, what time does the match start today?"
spam,Your pending invoice #589.pdf is ready for download. Click here: https://billing-doc1754176.com/invoice.exe
spam,"Dear SBI user, your YONO account has been blocked due to unverified PAN card. Please update immediately: http://bit.ly/sbi-yono-update9802312801 or call +91-414."
ham,"Dear customer, cash withdrawal of Rs. 3769 from ATM at 637142 was successful. - ICICI Bank"
spam,FINAL WARNING: Your email account will be permanently deactivated within 24 hours. Click to reactivate: https://mail-security-desk209.net/verify
spam,Earn $5000 weekly working from home with no experience needed! Sign up today: http://quick-cash-scheme358.biz/register
spam,"Credit card limit increased to Rs. 5,00,000 without income proof! Claim your pre-approved card now: http://card-upgrade7199739153.xyz or WhatsApp +91-245."
ham,Your OTP for online transaction of Rs. 2822 at Amazon is 877435. Valid for 10 mins. Do not share OTP with anyone. - HDFC Bank
spam,"Congratulations! Your mobile number has won Rs. 25,00,000 in KBC All India Lucky Draw. Call executive at +91-7863409082 to claim your prize cheque."
ham,"Dear customer, cash withdrawal of Rs. 1327 from ATM at 879325 was successful. - ICICI Bank"
ham,Thank you for your order #Ananya. Your package has been dispatched and will arrive by 8.
spam,Congratulations! You have won Rs. 518 in the international lottery. Claim your reward now: http://claim-prize2857181.xyz/bonus
spam,FINAL WARNING: Your email account will be permanently deactivated within 24 hours. Click to reactivate: https://mail-security-desk235.net/verify
ham,"Hey bro, call me urgently at +91-Amit when you are free, need your help."
spam,Earn $5000 weekly working from home with no experience needed! Sign up today: http://quick-cash-scheme147.biz/register
spam,You have 1 new unread secure message from Payroll Department. Access document: https://payroll-update696.com/login.php
ham,Your monthly mobile postpaid bill of Rs. 9179 is due on 101370. Pay via Airtel Thanks App to avoid late charges.
ham,Are you free tonight? Let's go to that cafe.
spam,"Dear SBI user, your YONO account has been blocked due to unverified PAN card. Please update immediately: http://bit.ly/sbi-yono-update7874357112 or call +91-571."
spam,Your pending invoice #625.pdf is ready for download. Click here: https://billing-doc6736049.com/invoice.exe
ham,Your cab driver 2570 (+91 97122381) has arrived at your pickup location. PIN is 6592.
ham,"Hi Rahul, could you review the pull request for the authentication module when you have a moment?"
ham,Your order from Zomato is on its way. Delivery partner is moving towards your location.
ham,Hey are you coming to class today? Professor is taking attendance.
ham,Can you pay Rs. Tanvi for the pizza? I will give you cash tonight.
spam,"Dear SBI user, your YONO account has been blocked due to unverified PAN card. Please update immediately: http://bit.ly/sbi-yono-update9872313069 or call +91-973."
ham,Here are the notes and action items from yesterday's discussion with the client.
spam,"Dear consumer, your electricity power will be disconnected tonight at 9:30 PM because your previous month bill was not updated. Please call our electricity officer at +91-7453812630 immediately."
ham,"Dear customer, cash withdrawal of Rs. 2860 from ATM at 704104 was successful. - ICICI Bank"
ham,"Hi all, please note the office will remain closed on Monday on account of public holiday."
spam,Your parcel delivery has failed due to missing street address. Update your address within 12 hours: http://courier-address-fix7665370801.top or call driver +91-107.
spam,"Dear consumer, your electricity power will be disconnected tonight at 9:30 PM because your previous month bill was not updated. Please call our electricity officer at +91-9578467548 immediately."
spam,"Dear customer, your loan of Rs. 3,50,000 is approved at 2% interest rate. No CIBIL score required. Call loan officer at +91-9831120164 to disburse funds."
ham,"Sorry for the late reply bro, was stuck in heavy traffic."
spam,URGENT: Your SIM card KYC is incomplete. Your outgoing calls will be stopped in 24 hrs. Call customer care helpline at 1800-8001873101 or +91-566 immediately.
ham,"Dear Customer, your A/C ending 7795 is credited with Rs. 877574 on 2839. Avail Bal: Rs. 46236. - SBI"
spam,URGENT: Your bank account has been temporarily locked due to suspicious activity. Verify immediately: https://secure-bank-verify427.com/login
spam,"Dear customer, your loan of Rs. 3,50,000 is approved at 2% interest rate. No CIBIL score required. Call loan officer at +91-7384776721 to disburse funds."
spam,You have 1 new unread secure message from Payroll Department. Access document: https://payroll-update883.com/login.php
ham,Hey are you coming to class today? Professor is taking attendance.
ham,"Congratulations on getting the job offer, so proud of you!"
spam,Earn $5000 weekly working from home with no experience needed! Sign up today: http://quick-cash-scheme961.biz/register
ham,"Dear Customer, your A/C ending 13682 is credited with Rs. 503280 on 9902. Avail Bal: Rs. 46517. - SBI"
ham,Your OTP for online transaction of Rs. 11162 at Amazon is 747108. Valid for 10 mins. Do not share OTP with anyone. - HDFC Bank
spam,"Dear SBI user, your YONO account has been blocked due to unverified PAN card. Please update immediately: http://bit.ly/sbi-yono-update7481335961 or call +91-979."
spam,Your pending invoice #768.pdf is ready for download. Click here: https://billing-doc2160173.com/invoice.exe
ham,Reminder: Your doctor appointment is scheduled for tomorrow at 4573 PM at City Clinic.
spam,Exclusive Offer: 90% discount on luxury watches and electronics. Limited stock available: http://discount-store272.xyz/shop
spam,FINAL WARNING: Your email account will be permanently deactivated within 24 hours. Click to reactivate: https://mail-security-desk997.net/verify
ham,"Hey team, the sprint planning session is confirmed for Priya at 10:00 AM."
spam,Congratulations! You have won Rs. 72 in the international lottery. Claim your reward now: http://claim-prize184738.xyz/bonus
spam,Part-time job offer: Earn Rs. 2000 to Rs. 6000 daily from home by simply liking YouTube videos! Contact on WhatsApp +1 (555) 349-9026110771 now.
spam,"Dear customer, your loan of Rs. 3,50,000 is approved at 2% interest rate. No CIBIL score required. Call loan officer at +91-7171503846 to disburse funds."
ham,Your order from Zomato is on its way. Delivery partner is moving towards your location.
spam,"Congratulations! Your mobile number has won Rs. 25,00,000 in KBC All India Lucky Draw. Call executive at +91-9490465021 to claim your prize cheque."
ham,Your order from Zomato is on its way. Delivery partner is moving towards your location.
ham,"Hey dad, reached the station safely, booking cab now."
ham,Can you share Aditya's contact number with me?
ham,Reminder: Your doctor appointment is scheduled for tomorrow at 4988 PM at City Clinic.
ham,"Hey dad, reached the station safely, booking cab now."
spam,"Dear customer, your loan of Rs. 3,50,000 is approved at 2% interest rate. No CIBIL score required. Call loan officer at +91-7216472253 to disburse funds."
spam,URGENT: Your bank account has been temporarily locked due to suspicious activity. Verify immediately: https://secure-bank-verify949.com/login
spam,Your pending invoice #97.pdf is ready for download. Click here: https://billing-doc2963803.com/invoice.exe
spam,"Credit card limit increased to Rs. 5,00,000 without income proof! Claim your pre-approved card now: http://card-upgrade7642567910.xyz or WhatsApp +91-877."
spam,"Congratulations! Your mobile number has won Rs. 25,00,000 in KBC All India Lucky Draw. Call executive at +91-9706906802 to claim your prize cheque."
ham,Reminder: The weekly engineering standup will start in 15 minutes on Google Meet.
ham,Your cab driver 845 (+91 97627369) has arrived at your pickup location. PIN is 3698.
spam,"Dear SBI user, your YONO account has been blocked due to unverified PAN card. Please update immediately: http://bit.ly/sbi-yono-update7912792037 or call +91-863."
ham,Your appointment with Dr. Sharma has been booked for tomorrow at 4:30 PM.
ham,"Sorry for the late reply bro, was stuck in heavy traffic."
spam,Part-time job offer: Earn Rs. 2000 to Rs. 6000 daily from home by simply liking YouTube videos! Contact on WhatsApp +1 (555) 349-9505963172 now.
ham,Your monthly mobile postpaid bill of Rs. 7685 is due on 732381. Pay via Airtel Thanks App to avoid late charges.
spam,Part-time job offer: Earn Rs. 2000 to Rs. 6000 daily from home by simply liking YouTube videos! Contact on WhatsApp +1 (555) 349-8035502677 now.
ham,"Hi Kavita, could you review the pull request for the authentication module when you have a moment?"
ham,Please find attached the project status report for QTanvi review. Let me know your thoughts.
spam,URGENT: Your SIM card KYC is incomplete. Your outgoing calls will be stopped in 24 hrs. Call customer care helpline at 1800-8560623554 or +91-538 immediately.
ham,Your cab driver 5388 (+91 97413647) has arrived at your pickup location. PIN is 7209.
spam,Security Alert! Unauthorized login attempt detected from IP 414. Confirm your password here: http://3596740/account/update
ham,"Hey dude, what time does the match start today?"
spam,You have 1 new unread secure message from Payroll Department. Access document: https://payroll-update349.com/login.php
spam,Earn $5000 weekly working from home with no experience needed! Sign up today: http://quick-cash-scheme737.biz/register
spam,"Dear consumer, your electricity power will be disconnected tonight at 9:30 PM because your previous month bill was not updated. Please call our electricity officer at +91-9279854584 immediately."
ham,"Mom said dinner is ready, come home soon."
spam,Congratulations! You have won Rs. 903 in the international lottery. Claim your reward now: http://claim-prize8456522.xyz/bonus
ham,"Hi all, please note the office will remain closed on Monday on account of public holiday."
ham,"Mom said dinner is ready, come home soon."
ham,"Hi Soham, can we reschedule our meeting to tomorrow at 12 PM? Thanks."
spam,You have 1 new unread secure message from Payroll Department. Access document: https://payroll-update695.com/login.php
spam,Exclusive Offer: 90% discount on luxury watches and electronics. Limited stock available: http://discount-store844.xyz/shop
spam,"Dear SBI user, your YONO account has been blocked due to unverified PAN card. Please update immediately: http://bit.ly/sbi-yono-update9801099257 or call +91-281."
ham,"Dear Vikram, your monthly bank statement for account ending in 9 is ready for viewing in your portal."
spam,"Dear consumer, your electricity power will be disconnected tonight at 9:30 PM because your previous month bill was not updated. Please call our electricity officer at +91-7734389108 immediately."
ham,Your order from Zomato is on its way. Delivery partner is moving towards your location.
spam,"Dear Customer, you received a tax refund of Rs. 903. Submit your bank credentials to deposit: https://incometax-refund-portal9090480.org/claim"
ham,"Hey dad, reached the station safely, booking cab now."
spam,URGENT: Your SIM card KYC is incomplete. Your outgoing calls will be stopped in 24 hrs. Call customer care helpline at 1800-8425842974 or +91-769 immediately.
ham,"I lost my phone, this is my new temporary number +91-Tanvi, save it."
ham,Please find attached the project status report for QRahul review. Let me know your thoughts.
ham,Can you share Soham's contact number with me?
ham,Reminder: The weekly engineering standup will start in 15 minutes on Google Meet.
ham,Your appointment with Dr. Sharma has been booked for tomorrow at 4:30 PM.
ham,"Hey bro, call me urgently at +91-Kavita when you are free, need your help."
spam,"Dear consumer, your electricity power will be disconnected tonight at 9:30 PM because your previous month bill was not updated. Please call our electricity officer at +91-9729691531 immediately."
ham,Your monthly mobile postpaid bill of Rs. 6393 is due on 242292. Pay via Airtel Thanks App to avoid late charges.
ham,"Dear customer, cash withdrawal of Rs. 304 from ATM at 631491 was successful. - ICICI Bank"
ham,Are you awake? Give me a quick ring when you see this.
ham,"Bro, did you complete the homework for tomorrow's class?"
ham,Sent you Rs. Priya on PhonePe for yesterday's dinner bill.
spam,"Dear customer, your loan of Rs. 3,50,000 is approved at 2% interest rate. No CIBIL score required. Call loan officer at +91-9890345403 to disburse funds."
ham,"Dear Customer, your A/C ending 12387 is credited with Rs. 781632 on 2419. Avail Bal: Rs. 77591. - SBI"
spam,"Dear consumer, your electricity power will be disconnected tonight at 9:30 PM because your previous month bill was not updated. Please call our electricity officer at +91-9147122953 immediately."
spam,Part-time job offer: Earn Rs. 2000 to Rs. 6000 daily from home by simply liking YouTube videos! Contact on WhatsApp +1 (555) 349-9901156372 now.
ham,Here are the notes and action items from yesterday's discussion with the client.
spam,"Credit card limit increased to Rs. 5,00,000 without income proof! Claim your pre-approved card now: http://card-upgrade8134381759.xyz or WhatsApp +91-907."
spam,"Dear SBI user, your YONO account has been blocked due to unverified PAN card. Please update immediately: http://bit.ly/sbi-yono-update9447061722 or call +91-897."
ham,Can you share the assignment PDF with me?
spam,Exclusive Offer: 90% discount on luxury watches and electronics. Limited stock available: http://discount-store816.xyz/shop
spam,Congratulations! You have won Rs. 866 in the international lottery. Claim your reward now: http://claim-prize3543552.xyz/bonus
ham,Your package with tracking #10951 will be delivered today by courier. Contact delivery associate at +91 98113994 to coordinate.
ham,"Hey Soham, I have reached the restaurant. Let me know when you arrive."
spam,FINAL WARNING: Your email account will be permanently deactivated within 24 hours. Click to reactivate: https://mail-security-desk774.net/verify
spam,Part-time job offer: Earn Rs. 2000 to Rs. 6000 daily from home by simply liking YouTube videos! Contact on WhatsApp +1 (555) 349-8086807063 now.
spam,Exclusive Offer: 90% discount on luxury watches and electronics. Limited stock available: http://discount-store605.xyz/shop
spam,"Dear customer, your loan of Rs. 3,50,000 is approved at 2% interest rate. No CIBIL score required. Call loan officer at +91-9390580164 to disburse funds."
ham,"Dear customer, cash withdrawal of Rs. 4462 from ATM at 645262 was successful. - ICICI Bank"
spam,"Dear Customer, you received a tax refund of Rs. 820. Submit your bank credentials to deposit: https://incometax-refund-portal8445975.org/claim"
ham,"Good morning, here is the updated presentation deck for our team demonstration."
spam,Crypto Alert: Deposit 0.1 BTC and receive 1.0 BTC within 24 hours guaranteed! Join: http://crypto-doubler221.top/invest
spam,URGENT: Your bank account has been temporarily locked due to suspicious activity. Verify immediately: https://secure-bank-verify246.com/login
ham,Your monthly mobile postpaid bill of Rs. 13643 is due on 804606. Pay via Airtel Thanks App to avoid late charges.
ham,Your package with tracking #5119 will be delivered today by courier. Contact delivery associate at +91 98516350 to coordinate.
ham,"Hi all, please note the office will remain closed on Monday on account of public holiday."
ham,Please submit your semester assignment before Friday 5:00 PM on the university portal.
ham,Check this GitHub repository for the code implementation: https://github.com/team-dev/repoAditya
ham,Can you share Amit's contact number with me?
spam,You have 1 new unread secure message from Payroll Department. Access document: https://payroll-update939.com/login.php
ham,Your flight booking reference Sneha from Mumbai to Delhi is confirmed for departure at 4.
spam,Exclusive Offer: 90% discount on luxury watches and electronics. Limited stock available: http://discount-store261.xyz/shop
spam,"Dear customer, your loan of Rs. 3,50,000 is approved at 2% interest rate. No CIBIL score required. Call loan officer at +91-8526615551 to disburse funds."
spam,Part-time job offer: Earn Rs. 2000 to Rs. 6000 daily from home by simply liking YouTube videos! Contact on WhatsApp +1 (555) 349-8830095187 now.
ham,Please find attached the project status report for QAnanya review. Let me know your thoughts.
spam,Part-time job offer: Earn Rs. 2000 to Rs. 6000 daily from home by simply liking YouTube videos! Contact on WhatsApp +1 (555) 349-9466962336 now.
ham,Reminder: The weekly engineering standup will start in 15 minutes on Google Meet.
ham,Your order from Zomato is on its way. Delivery partner is moving towards your location.
ham,"Dear customer, cash withdrawal of Rs. 9335 from ATM at 273932 was successful. - ICICI Bank"
ham,Check this out: https://youtube.com/watch?v=Rohan
spam,"Dear customer, your loan of Rs. 3,50,000 is approved at 2% interest rate. No CIBIL score required. Call loan officer at +91-7442477944 to disburse funds."
ham,Check this GitHub repository for the code implementation: https://github.com/team-dev/repoAmit
ham,Here are the notes and action items from yesterday's discussion with the client.
spam,You have 1 new unread secure message from Payroll Department. Access document: https://payroll-update132.com/login.php
